projeto,proponente,valor_autorizado,valor_captado,patrocinador,aportes,fonte_url,fonte_pagina
26º Festival de Inverno da Sanfona e da Viola de São Pedro do Itabapoana,Associação dos Moradores da Comunidade de São Pedro do Itabapoana,500000,250000,EDP Espírito Santo Distribuição de Energia S.A,28.152.650/0001-71|EDP Espírito Santo Distribuição de Energia S.A|250000,https://secult.es.gov.br/Media/secult/LICC/RECURSO%20FINANCEIRO%20CAPTADO%20-%202025.pdf,1
#EP10 - ENCONTRO DAS PRETAS 10 ANOS,INSTITUTO DAS PRETAS.ORG,499999.84,499999.84,EDP Espírito Santo Distribuição de Energia S.A,28.152.650/0001-71|EDP Espírito Santo Distribuição de Energia S.A|499999.84,https://secult.es.gov.br/Media/secult/LICC/RECURSO%20FINANCEIRO%20CAPTADO%20-%202025.pdf,1
BOA VISTA CARNAVAL CAPIXABA 2025,GRÊMIO RECREATIVO CULTURAL ESPORTIVO SOCIAL ESCOLA DE SAMBA IDEPENDENTE DE BOA VISTA,492000,492000,Realmar Distribuidora Ltda,03.845.717/0001-22|Realmar Distribuidora Ltda|492000,https://secult.es.gov.br/Media/secult/LICC/RECURSO%20FINANCEIRO%20CAPTADO%20-%202025.pdf,1
207ª FESTA DO DIVINO ESPÍRITO SANTO DE VIANA-ES,LEONARDO CAETANO EIRELI ME,358109.86,249369.98,"Perfil Alumínio do Brasil S/A; Distribuidora Pomar; L&A DISTRIBUIDORA DE ALIMENTOS E EMBALAGENS","05.069.718/0003-10|Perfil Alumínio do Brasil S/A|119369.98; 02.689.900/0001-13|Distribuidora Pomar|50000; 03.380.787/0002-33|L&A DISTRIBUIDORA DE ALIMENTOS E EMBALAGENS|80000",https://secult.es.gov.br/Media/secult/LICC/RECURSO%20FINANCEIRO%20CAPTADO%20-%202025.pdf,1
14ª Festa Folclórica de Santo Antônio do Muqui,Associação Oficina da Vida - ONG,331937.73,331937.73,EDP Espírito Santo Distribuição de Energia S.A,28.152.650/0001-71|EDP Espírito Santo Distribuição de Energia S.A|331937.73,https://secult.es.gov.br/Media/secult/LICC/RECURSO%20FINANCEIRO%20CAPTADO%20-%202025.pdf,1
“Carna Surpresa 2024 - O Carnaval da Barra do Jucu”,Associação Cultural e Folclórica do Bloco Surpresa,499972.41,499972.41,"Perfil Alumínio do Brasil S/A; A.S. Materiais de Construção Ltda; Realmar Distribuidora Ltda; Realmar Distribuidora Ltda","05.069.718/0003-10|Perfil Alumínio do Brasil S/A|200000; 31.819.139/0001-95|A.S. Materiais de Construção Ltda|50000; 03.845.717/0035-71|Realmar Distribuidora Ltda|100000; 03.845.717/0040-39|Realmar Distribuidora Ltda|149972.41",https://secult.es.gov.br/Media/secult/LICC/RECURSO%20FINANCEIRO%20CAPTADO%20-%202025.pdf,1
Carnaval Folclórico do Boi Pintadinho de Muqui/ES - 2025,ASSOCIACAO COMERCIAL E EMPRESARIAL DE MUQUI - ACE MUQUI,500000,500000,EDP Espírito Santo Distribuição de Energia S.A,28.152.650/0001-71|EDP Espírito Santo Distribuição de Energia S.A|500000,https://secult.es.gov.br/Media/secult/LICC/RECURSO%20FINANCEIRO%20CAPTADO%20-%202025.pdf,1
24º Festival Nacional de Teatro de Guaçuí,"Grupo Teatral Gota, Pó e Poeira",229781.52,100832.97,"Mundo Distribuidora de Cosméticos LTDA; Distribuidora Mascote LTDA","09.492.311/0001-90|Mundo Distribuidora de Cosméticos LTDA|44308.24; 07.548.056/0001-24|Distribuidora Mascote LTDA|56524.73",https://secult.es.gov.br/Media/secult/LICC/RECURSO%20FINANCEIRO%20CAPTADO%20-%202025.pdf,1
Baile Voador: ressaca do carnaval 2023,SAGUI PRODUÇÕES E EVENTOS LTDA,500000,500000,AMBEV S.A. CDD VITÓRIA,07.526.557/0011-81|AMBEV S.A. CDD VITÓRIA|500000,https://secult.es.gov.br/Media/secult/LICC/RECURSO%20FINANCEIRO%20CAPTADO%20-%202025.pdf,1
Raiar da Liberdade,Associação de Salvaguarda do Patrimônio Imaterial Cachoeirense,239751.08,239751.08,Antônio Auto Peças S/A,27.340.074/0008-08|Antônio Auto Peças S/A|239751.08,https://secult.es.gov.br/Media/secult/LICC/RECURSO%20FINANCEIRO%20CAPTADO%20-%202025.pdf,1
97ª Festa de São Pedro - Edição 2025,Colônia de Pescadores e Aquicultores Z-5 Maria Ortiz,500000,500000,"REALMAR DISTRIBUIDORA LTDA; Kuruma Veiculos S.A.","03.845.717/0001-22|REALMAR DISTRIBUIDORA LTDA|250000; 00.827.783/0001-81|Kuruma Veiculos S.A.|250000",https://secult.es.gov.br/Media/secult/LICC/RECURSO%20FINANCEIRO%20CAPTADO%20-%202025.pdf,1
Festival Nacional de Teatro Cidade de Vitória - 20º Edição,Associação Cultural Circense e Ambiental Uma Floresta,500000,500000,Transportadora Associada de Gás - TAG,06.248.349/0004-76|Transportadora Associada de Gás - TAG|500000,https://secult.es.gov.br/Media/secult/LICC/RECURSO%20FINANCEIRO%20CAPTADO%20-%202025.pdf,1
47ª Festa da Polenta,Associação Festa da Polenta - AFEPOL,500000,500000,ITAPOA SUPERMERCADO LTDA,06.955.576/0001-99|ITAPOA SUPERMERCADO LTDA|500000,https://secult.es.gov.br/Media/secult/LICC/RECURSO%20FINANCEIRO%20CAPTADO%20-%202025.pdf,2
l FESTIVAL INTERNACIONAL DE JAZZ E BOSSA DE SANTA TERESA – 12ª EDIÇÃO,ROTA SERVICE LTDA,500000,500000,"Kurumá Veiculos S.A; Realmar Distribuidora Ltda","00.827.783/0020-44|Kurumá Veiculos S.A|250000; 03.845.717/0001-22|Realmar Distribuidora Ltda|250000",https://secult.es.gov.br/Media/secult/LICC/RECURSO%20FINANCEIRO%20CAPTADO%20-%202025.pdf,2
10º Festival Nacional de Cinema Ambiental do Espírito Santo - CINE.EMA,Caju Produções LTDA ME,500000,480000,TRANSPORTADORA ASSOCIADA DE GAS S.A. - TAG,06.248.349/0004-76|TRANSPORTADORA ASSOCIADA DE GAS S.A. - TAG|480000,https://secult.es.gov.br/Media/secult/LICC/RECURSO%20FINANCEIRO%20CAPTADO%20-%202025.pdf,2
73º Encontro Nacional de Folias de Reis - Muqui-ES - 2024,ASSOCIACAO COMERCIAL E EMPRESARIAL DE MUQUI - ACE MUQUI,500000,500000,EDP Espírito Santo Distribuição de Energia S.A,28.152.650/0001-71|EDP Espírito Santo Distribuição de Energia S.A|500000,https://secult.es.gov.br/Media/secult/LICC/RECURSO%20FINANCEIRO%20CAPTADO%20-%202025.pdf,2
Roda de Boteco 2025,Conexxo Serviços e Gestão de Eventos,500000,500000,AMBEV S.A. CDD VITÓRIA,07.526.557/0011-81|AMBEV S.A. CDD VITÓRIA|500000,https://secult.es.gov.br/Media/secult/LICC/RECURSO%20FINANCEIRO%20CAPTADO%20-%202025.pdf,2
13ª ITALIA UNITA – Festa da Imigração Italiana de Aracruz - Município de Guaraná,(Em análise na SEFAZ) Secretariado dos Imigrantes Friulanos de Aracruz-ES,426123,356135.99,"Imetame Metalmecãnica LTDA; Comercial Devens LTDA; Comercial Devens LTDA; Oriundi Supermercados LTDA","31.790.710/0001-96|Imetame Metalmecãnica LTDA|150000; 31.759.699/0003-63|Comercial Devens LTDA|61123; 31.759.699/0001-00|Comercial Devens LTDA|65000; 27.555.390/0001-12|Oriundi Supermercados LTDA|80012.99",https://secult.es.gov.br/Media/secult/LICC/RECURSO%20FINANCEIRO%20CAPTADO%20-%202025.pdf,2
MAIS CULTURA NAS ESCOLAS,"ES Práticas Corporais, Culturais, Esportivas e de Saúde LTDA",499896,499896,EDP Espírito Santo Distribuição de Energia S.A,28.152.650/0001-71|EDP Espírito Santo Distribuição de Energia S.A|499896,https://secult.es.gov.br/Media/secult/LICC/RECURSO%20FINANCEIRO%20CAPTADO%20-%202025.pdf,2
A Fantástica Carpintaria - Programa Educativo,CIDADE QUINTAL SERVIÇOS DE DESIGN E ARTE URBANA LTDA,500000,500000,"VD Comercio de Veiculos LTDA; VD Comercio de Veiculos LTDA; VM Comercio de Automoveis LTDA","39.786.983/0001-79|VD Comercio de Veiculos LTDA|250000; 39.786.983/0004-11|VD Comercio de Veiculos LTDA|173000; 11.277.336/0001-12|VM Comercio de Automoveis LTDA|77000",https://secult.es.gov.br/Media/secult/LICC/RECURSO%20FINANCEIRO%20CAPTADO%20-%202025.pdf,2
MÚSICA E ARTES NA CAPITAL VITÓRIA ES,ASSOCIAÇÃO ALEF BET,500000,500000,EDP Espírito Santo Distribuição de Energia S.A,28.152.650/0001-71|EDP Espírito Santo Distribuição de Energia S.A|500000,https://secult.es.gov.br/Media/secult/LICC/RECURSO%20FINANCEIRO%20CAPTADO%20-%202025.pdf,2
Musicalização Agrícola,Instituto Três Pontões de Ação Social e Cultural,500000,500000,EDP Espírito Santo Distribuição de Energia S.A,28.152.650/0001-71|EDP Espírito Santo Distribuição de Energia S.A|500000,https://secult.es.gov.br/Media/secult/LICC/RECURSO%20FINANCEIRO%20CAPTADO%20-%202025.pdf,2
Núcleo de Formação de Sanfona e Viola de São Pedro do Itabapoana - Ciclo II,Associação dos Moradores da Comunidade de São Pedro do Itabapoana,388322.4,330000,EDP Espírito Santo Distribuição de Energia S.A,28.152.650/0001-71|EDP Espírito Santo Distribuição de Energia S.A|330000,https://secult.es.gov.br/Media/secult/LICC/RECURSO%20FINANCEIRO%20CAPTADO%20-%202025.pdf,2
ESCOLA DE MÚSICA TOCANDO EM FRENTE,Programa de Promoção e Assistência Social,499560,499560,EDP Espírito Santo Distribuição de Energia S.A,28.152.650/0001-71|EDP Espírito Santo Distribuição de Energia S.A|499560,https://secult.es.gov.br/Media/secult/LICC/RECURSO%20FINANCEIRO%20CAPTADO%20-%202025.pdf,2
A DANÇA: UNIVERSO EM EXPANSÃO,Estúdio de Dança Ballet Plié,136397,136397,Orletti Veículos e Peças LTDA,71.189.278/0005-20|Orletti Veículos e Peças LTDA|136397,https://secult.es.gov.br/Media/secult/LICC/RECURSO%20FINANCEIRO%20CAPTADO%20-%202025.pdf,2
"Projeto Raízes da Aldeia: Cultura, Artesanato e Resgate","Associação Amigos da Justiça, Cidadania, Educação e Arte",499949.47,250000,VM Comercio de Automoveis LTDA,11.277.336/0001-12|VM Comercio de Automoveis LTDA|250000,https://secult.es.gov.br/Media/secult/LICC/RECURSO%20FINANCEIRO%20CAPTADO%20-%202025.pdf,3
Corais das Montanhas,INSTITUTO TRÊS PONTÕES DE AÇÃO SOCIAL E CULTURAL - INSTITUTO CULTURAL DAS MONTANHAS,500000,500000,EDP Espírito Santo Distribuição de Energia S.A,28.152.650/0001-71|EDP Espírito Santo Distribuição de Energia S.A|500000,https://secult.es.gov.br/Media/secult/LICC/RECURSO%20FINANCEIRO%20CAPTADO%20-%202025.pdf,3
"Projeto Mãos Criativas - Artesanato, Sustentabilidade e Cultura","ASSOCIACAO AMIGOS DA JUSTICA CIDADANIA, EDUCACAO E ARTE",499999,499999,"Kuruma Veiculos S.A; VD Comercio de Veiculos LTDA","00.827.783/0001-81|Kuruma Veiculos S.A|250000; 39.786.983/0001-79|VD Comercio de Veiculos LTDA|249999",https://secult.es.gov.br/Media/secult/LICC/RECURSO%20FINANCEIRO%20CAPTADO%20-%202025.pdf,3
Programa de Residência do Mosteiro Zen Morro da Vargem 2023,MOSTEIRO ZEN MORRO DA VARGEM-MZMV,499955.2,499955.2,EDP Espírito Santo Distribuição de Energia S.A,28.152.650/0001-71|EDP Espírito Santo Distribuição de Energia S.A|499955.2,https://secult.es.gov.br/Media/secult/LICC/RECURSO%20FINANCEIRO%20CAPTADO%20-%202025.pdf,3
TORNANDO IDEIAS REALIDADE,ALPHA EMPREENDIMENTOS LTDA - GALPÃO DE IDEIAS,390000,284192.8,"Realmar Distribuidora Ltda; Realmar Distribuidora Ltda; Realmar Distribuidora Ltda; Kubit Exportação e Importação de Café Ltda","03.845.717/0012-85|Realmar Distribuidora Ltda|75000; 03.845.717/0025-08|Realmar Distribuidora Ltda|50000; 03.845.717/0015-28|Realmar Distribuidora Ltda|70000; 08.625.038/0001-61|Kubit Exportação e Importação de Café Ltda|89192.8",https://secult.es.gov.br/Media/secult/LICC/RECURSO%20FINANCEIRO%20CAPTADO%20-%202025.pdf,3
Oficinas de Formação Música Clássica,TONOBOOKS PRODUCOES LTDA,499620,499620,EDP Espírito Santo Distribuição de Energia S.A,28.152.650/0001-71|EDP Espírito Santo Distribuição de Energia S.A|499620,https://secult.es.gov.br/Media/secult/LICC/RECURSO%20FINANCEIRO%20CAPTADO%20-%202025.pdf,3
Restauração e revitalização do casarão Família Baptista,"CAEPES - Castiglioni Consultoria, Assessoria, Estdos e Pesquisas Educacionais Ltda",163797.08,163797.08,"Comercial Devens LTDA; Oriundi Supermercados LTDA","31.759.699/0002-82|Comercial Devens LTDA|43797.08; 27.555.390/0005-46|Oriundi Supermercados LTDA|120000",https://secult.es.gov.br/Media/secult/LICC/RECURSO%20FINANCEIRO%20CAPTADO%20-%202025.pdf,3
Festival Manhágua,Caju Produções LTDA ME,500000,500000,VD Comercio de Veiculos LTDA,39.786.983/0001-79|VD Comercio de Veiculos LTDA|500000,https://secult.es.gov.br/Media/secult/LICC/RECURSO%20FINANCEIRO%20CAPTADO%20-%202025.pdf,3
'Filarmônica de Mulheres do Espírito Santo: música e representatividade”,Instituto Todos os Cantos -,440074.42,440074.42,VD Comercio de Veiculos LTDA,39.786.983/0001-79|VD Comercio de Veiculos LTDA|440074.42,https://secult.es.gov.br/Media/secult/LICC/RECURSO%20FINANCEIRO%20CAPTADO%20-%202025.pdf,3
Orquestra Brasileira de Cantores Cegos - 3º Repertório,Associação Sociedade Cultura e Arte SOCA,500000,500000,"PERFIL ALUMINIO DO BRASIL S/A; EDP Espírito Santo Distribuição de Energia S.A","05.069.718/0003-10|PERFIL ALUMINIO DO BRASIL S/A|100000; 28.152.650/0001-71|EDP Espírito Santo Distribuição de Energia S.A|400000",https://secult.es.gov.br/Media/secult/LICC/RECURSO%20FINANCEIRO%20CAPTADO%20-%202025.pdf,3
Circulação de Espetáculo - Igrejas Históricas Capixabas,PROGRAMA DE PROMOÇÃO E ASSISTÊNCIA SOCIAL,499543,499543,EDP Espírito Santo Distribuição de Energia S.A,28.152.650/0001-71|EDP Espírito Santo Distribuição de Energia S.A|499543,https://secult.es.gov.br/Media/secult/LICC/RECURSO%20FINANCEIRO%20CAPTADO%20-%202025.pdf,3
Festival Delírio Tropical,PURI PRODUÇÕES E EVENTOS LTDA,500000,500000,Companhia de Gás do Espírito Santo – ES GÁS,34.307.295/0001-65|Companhia de Gás do Espírito Santo – ES GÁS|500000,https://secult.es.gov.br/Media/secult/LICC/RECURSO%20FINANCEIRO%20CAPTADO%20-%202025.pdf,3
Turma da Ação,VIANA PROJETOS CULTURAIS LTDA,497638.35,150000,VM Comercio de Automoveis LTDA,11.277.336/0001-12|VM Comercio de Automoveis LTDA|150000,https://secult.es.gov.br/Media/secult/LICC/RECURSO%20FINANCEIRO%20CAPTADO%20-%202025.pdf,3
Estúdio Escola de Animação,ATROM PRODUCOES E CONSULTORIA,499998,499998,EDP Espírito Santo Distribuição de Energia S.A,28.152.650/0001-71|EDP Espírito Santo Distribuição de Energia S.A|499998,https://secult.es.gov.br/Media/secult/LICC/RECURSO%20FINANCEIRO%20CAPTADO%20-%202025.pdf,3
2ª Festa da Palavra,INSTITUTO MANGUERE,483000,483000,EDP Espírito Santo Distribuição de Energia S.A,28.152.650/0001-71|EDP Espírito Santo Distribuição de Energia S.A|483000,https://secult.es.gov.br/Media/secult/LICC/RECURSO%20FINANCEIRO%20CAPTADO%20-%202025.pdf,3
Crias.Lab 2024,PURI PRODUÇÕES E EVENTOS LTDA,500000,500000,EDP Espírito Santo Distribuição de Energia S.A,28.152.650/0001-71|EDP Espírito Santo Distribuição de Energia S.A|500000,https://secult.es.gov.br/Media/secult/LICC/RECURSO%20FINANCEIRO%20CAPTADO%20-%202025.pdf,3
FESTIVAL ORIGRAFFES - 7° EDIÇÃO,iÁ Estúdio,500000,500000,EDP Espírito Santo Distribuição de Energia S.A,28.152.650/0001-71|EDP Espírito Santo Distribuição de Energia S.A|500000,https://secult.es.gov.br/Media/secult/LICC/RECURSO%20FINANCEIRO%20CAPTADO%20-%202025.pdf,3
Encontro das Chefs 2024,Conexxo Serviços e Gestão de Eventos LTDA.,489200,489200,Companhia de Gás do Espírito Santo – ES GÁS,34.307.295/0001-65|Companhia de Gás do Espírito Santo – ES GÁS|489200,https://secult.es.gov.br/Media/secult/LICC/RECURSO%20FINANCEIRO%20CAPTADO%20-%202025.pdf,4
4A Mostra CineMarias,Odoyá Arte e Cultura Produções LTDA,500000,500000,EDP Espírito Santo Distribuição de Energia S.A,28.152.650/0001-71|EDP Espírito Santo Distribuição de Energia S.A|500000,https://secult.es.gov.br/Media/secult/LICC/RECURSO%20FINANCEIRO%20CAPTADO%20-%202025.pdf,4
A Paixão Segundo São João de J. S. Bach,Fernando Coelho Sabino 98400207149,161912.01,161912.01,EDP Espírito Santo Distribuição de Energia S.A,28.152.650/0001-71|EDP Espírito Santo Distribuição de Energia S.A|161912.01,https://secult.es.gov.br/Media/secult/LICC/RECURSO%20FINANCEIRO%20CAPTADO%20-%202025.pdf,4
FECSTA 7 - FESTIVAL DE CINEMA DE SANTA TERESA - ES,SATIRICA FILMES PRODUÇÕES LTDA,499900,264403.77,TUBOVAL COMERCIAL LTDA,31.731.169/0001-45|TUBOVAL COMERCIAL LTDA|264403.77,https://secult.es.gov.br/Media/secult/LICC/RECURSO%20FINANCEIRO%20CAPTADO%20-%202025.pdf,4
Cidades 20-30,INSTITUTO CAPIXABA DE CIENCIAS E ADMINISTRACAO,493550,483550,"VD Comercio de Veiculos LTDA; Kurumá Veiculos S.A; AMT Trading LTDA","39.786.983/0012-21|VD Comercio de Veiculos LTDA|93550; 00.827.783/0005-05|Kurumá Veiculos S.A|260000; 04.330.073/0001-00|AMT Trading LTDA|130000",https://secult.es.gov.br/Media/secult/LICC/RECURSO%20FINANCEIRO%20CAPTADO%20-%202025.pdf,4
Compondo na Rua,W/PAR & ASSOCIADOS LTDA,396394.83,396394.83,EDP Espírito Santo Distribuição de Energia S.A,28.152.650/0001-71|EDP Espírito Santo Distribuição de Energia S.A|396394.83,https://secult.es.gov.br/Media/secult/LICC/RECURSO%20FINANCEIRO%20CAPTADO%20-%202025.pdf,4
"ENCANTANDO PESSOAS, CELEBRANDO A NATUREZA",PORTO E STEIN PRODUÇÕES LTDA-ME,316411.12,316411.12,EDP Espírito Santo Distribuição de Energia S.A,28.152.650/0001-71|EDP Espírito Santo Distribuição de Energia S.A|316411.12,https://secult.es.gov.br/Media/secult/LICC/RECURSO%20FINANCEIRO%20CAPTADO%20-%202025.pdf,4
Laboratório dos Sonhos,Associação Aprender Cultura,491301.52,441301.51,EDP Espírito Santo Distribuição de Energia S.A,28.152.650/0001-71|EDP Espírito Santo Distribuição de Energia S.A|441301.51,https://secult.es.gov.br/Media/secult/LICC/RECURSO%20FINANCEIRO%20CAPTADO%20-%202025.pdf,4
ENCONTRO DE CULTURAS POPULARES E TRADICIONAIS,ASSOCIAÇÃO ARTISTICA E FOLCLORICA AFRO BRASILEIRA,365748,365748,EDP Espírito Santo Distribuição de Energia S.A,28.152.650/0001-71|EDP Espírito Santo Distribuição de Energia S.A|365748,https://secult.es.gov.br/Media/secult/LICC/RECURSO%20FINANCEIRO%20CAPTADO%20-%202025.pdf,4
2º FESTIVAL NACIONAL DE CAPOEIRA,LR PRODUÇÕES,281690,281690,Kurumá Veiculos S.A,00.827.783/0005-05|Kurumá Veiculos S.A|281690,https://secult.es.gov.br/Media/secult/LICC/RECURSO%20FINANCEIRO%20CAPTADO%20-%202025.pdf,4
Quintal do CSE: Intervenções Socioespaciais Identitárias,CIDADE QUINTAL SERVIÇOS DE DESIGN E ARTE URBANA LTDA,485087.7,250000,Kurumá Veiculos S.A,00.827.783/0020-44|Kurumá Veiculos S.A|250000,https://secult.es.gov.br/Media/secult/LICC/RECURSO%20FINANCEIRO%20CAPTADO%20-%202025.pdf,4
Tecer Folias,Associação Oficina da Vida - ONG,457000,457000,"EV Comércio de Veículos LTDA; Kurumá Veiculos S.A; VD Comercio de Veiculos LTDA","45.901.867/0001-56|EV Comércio de Veículos LTDA|57000; 00.827.783/0001-81|Kurumá Veiculos S.A|250000; 39.786.983/0017-36|VD Comercio de Veiculos LTDA|150000",https://secult.es.gov.br/Media/secult/LICC/RECURSO%20FINANCEIRO%20CAPTADO%20-%202025.pdf,4
Orquestra de Câmara Infanto-juvenil João XXIII,Instituto João XXIII,297210.57,297210.57,Kurumá Veiculos S.A,00.827.783/0020-44|Kurumá Veiculos S.A|297210.57,https://secult.es.gov.br/Media/secult/LICC/RECURSO%20FINANCEIRO%20CAPTADO%20-%202025.pdf,4
A Escola vai ao Teatro Tratamento Técnico do Acervo Gráfico,SER OFICINA DE TEATRO LTDA/ME,136375.69,136375.69,Kurumá Veiculos S.A,00.827.783/0020-44|Kurumá Veiculos S.A|136375.69,https://secult.es.gov.br/Media/secult/LICC/RECURSO%20FINANCEIRO%20CAPTADO%20-%202025.pdf,4
"Editorial do Jornal Correio Popular de Cariacica/ES: Inventário, Conservação e Digitalização.",Instituto de Pesquisa e Documentação Cariaciquense,499855.55,499855.55,"EV Comércio de Veículos LTDA; VD Comercio de Veiculos LTDA; Kurumá Veiculos S.A","45.901.867/0003-18|EV Comércio de Veículos LTDA|49855.55; 39.786.983/0001-79|VD Comercio de Veiculos LTDA|200000; 00.827.783/0005-05|Kurumá Veiculos S.A|250000",https://secult.es.gov.br/Media/secult/LICC/RECURSO%20FINANCEIRO%20CAPTADO%20-%202025.pdf,4
Festival Batidas do Mundo,Caju Produções LTDA ME,494000,494000,"VD Comercio de Veiculos LTDA; Kuruma Veiculos S.A DECOLORES; MÁRMORES E GRANITOS DO BRASIL S.A","39.786.983/0001-79|VD Comercio de Veiculos LTDA|94000; 00.827.783/0001-81|Kuruma Veiculos S.A DECOLORES|250000; 04.023.387/0001-52|MÁRMORES E GRANITOS DO BRASIL S.A|150000",https://secult.es.gov.br/Media/secult/LICC/RECURSO%20FINANCEIRO%20CAPTADO%20-%202025.pdf,4
Teatro vai à escola - De onde vem o dinheiro?,WB PRODUCOES ARTISTICAS E CULTURAIS LTDA,397364,200000,VD Comercio de Veiculos LTDA,39.786.983/0001-79|VD Comercio de Veiculos LTDA|200000,https://secult.es.gov.br/Media/secult/LICC/RECURSO%20FINANCEIRO%20CAPTADO%20-%202025.pdf,4
Ecos Culturais do Convento,Instituto Brasileiro de Apoio ao Desenvolvimento Social e Econômico,480000,480000,"VD Comercio de Veiculos LTDA; Kuruma Veiculos S.A","39.786.983/0001-79|VD Comercio de Veiculos LTDA|250000; 00.827.783/0001-81|Kuruma Veiculos S.A|230000",https://secult.es.gov.br/Media/secult/LICC/RECURSO%20FINANCEIRO%20CAPTADO%20-%202025.pdf,4
Mar Adentro,W/PAR & ASSOCIADOS LTDA,483748.28,20000,ELIT DISTRIBUIDORA DE TINTAS E REVESTIMENTOS LTDA,22.280.114/0001-75|ELIT DISTRIBUIDORA DE TINTAS E REVESTIMENTOS LTDA|20000,https://secult.es.gov.br/Media/secult/LICC/RECURSO%20FINANCEIRO%20CAPTADO%20-%202025.pdf,4
Samba que Eu Quero Ver - Mostra Cultural de Bamba,Odoya Arte e Cultura Produções LTDA,500000,500000,"Realmar Distribuidora Ltda; Realmar Distribuidora Ltda; Realmar Distribuidora Ltda; Realmar Distribuidora Ltda","03.845.717/0005-56|Realmar Distribuidora Ltda|125000; 03.845.717/0013-66|Realmar Distribuidora Ltda|125000; 03.845.717/0016-09|Realmar Distribuidora Ltda|125000; 03.845.717/0002-03|Realmar Distribuidora Ltda|125000",https://secult.es.gov.br/Media/secult/LICC/RECURSO%20FINANCEIRO%20CAPTADO%20-%202025.pdf,5
FESTIVAL RAÍZES DO SAMBA,INSTITUTO RAIZES,499999.84,228914.45,"Realmar Distribuidora Ltda; Realmar Distribuidora Ltda","03.845.717/0018-70|Realmar Distribuidora Ltda|125000; 03.845.717/0017-90|Realmar Distribuidora Ltda|103914.45",https://secult.es.gov.br/Media/secult/LICC/RECURSO%20FINANCEIRO%20CAPTADO%20-%202025.pdf,5
