chave,corpus,titulo,segmento,regra,trecho,caminho,n_casamentos,preteridas
proj-2023-32mfd,grafo,26º Festival de Inverno da Sanfona e da Viola de São Pedro do Itabapoana,seg-musica,musica,sanfon,ambos,1,
proj-2024-hgg9k,grafo,#EP10 - ENCONTRO DAS PRETAS 10 ANOS,,,,,0,
proj-2023-4z9j3,grafo,BOA VISTA CARNAVAL CAPIXABA 2025,seg-culturas-populares,populares,carnaval,ambos,1,
proj-2024-lnts6,grafo,207ª FESTA DO DIVINO ESPÍRITO SANTO DE VIANA-ES,seg-culturas-populares,populares,festa d,ambos,1,
proj-2023-nb5p3,grafo,14ª Festa Folclórica de Santo Antônio do Muqui,seg-culturas-populares,populares,folclor,normalizado,1,
proj-carna-surpresa-2024-o-carnaval-da-barra-do-jucu-2025,grafo,“Carna Surpresa 2024 - O Carnaval da Barra do Jucu”,seg-culturas-populares,populares,carnaval,ambos,1,
proj-2024-hzsbs,grafo,Carnaval Folclórico do Boi Pintadinho de Muqui/ES - 2025,seg-culturas-populares,populares,carnaval,ambos,1,
proj-24-festival-nacional-de-teatro-de-guacui-2025,grafo,24º Festival Nacional de Teatro de Guaçuí,seg-artes-cenicas,cenicas,teatr,ambos,1,
proj-2022-cc9tk,grafo,Baile Voador: ressaca do carnaval 2023,seg-culturas-populares,populares,carnaval,ambos,1,
proj-raiar-da-liberdade-2025,grafo,Raiar da Liberdade,,,,,0,
proj-2025-sxx99,grafo,97ª Festa de São Pedro - Edição 2025,seg-culturas-populares,populares,festa d,ambos,1,
proj-festival-nacional-de-teatro-cidade-de-vitoria-20-edicao-2025,grafo,Festival Nacional de Teatro Cidade de Vitória - 20º Edição,seg-artes-cenicas,cenicas,teatr,ambos,1,
proj-2025-qw9s1,grafo,47ª Festa da Polenta,seg-culturas-populares,populares,festa d,ambos,1,
proj-l-festival-internacional-de-jazz-e-bossa-de-santa-teresa-12-edicao-2025,grafo,l FESTIVAL INTERNACIONAL DE JAZZ E BOSSA DE SANTA TERESA – 12ª EDIÇÃO,seg-musica,musica,jazz,ambos,1,
proj-2023-9rt9q,grafo,10º Festival Nacional de Cinema Ambiental do Espírito Santo - CINE.EMA,seg-audiovisual,audiovisual,cinema,ambos,1,
proj-2023-1fdsb,grafo,73º Encontro Nacional de Folias de Reis - Muqui-ES - 2024,seg-culturas-populares,populares,folia,ambos,1,
proj-roda-de-boteco-2025-2025,grafo,Roda de Boteco 2025,,,,,0,
proj-13-italia-unita-festa-da-imigracao-italiana-de-aracruz-municipio-de-guarana-2025,grafo,13ª ITALIA UNITA – Festa da Imigração Italiana de Aracruz - Município de Guaraná,seg-culturas-populares,populares,festa d,ambos,1,
proj-2024-1v0qr,grafo,MAIS CULTURA NAS ESCOLAS,,,,,0,
proj-2024-2c95t,grafo,A Fantástica Carpintaria - Programa Educativo,,,,,0,
proj-2024-7862t,grafo,MÚSICA E ARTES NA CAPITAL VITÓRIA ES,seg-musica,musica,music,ambos,1,
proj-2024-vm90j,grafo,Musicalização Agrícola,seg-musica,musica,music,ambos,1,
proj-nucleo-de-formacao-de-sanfona-e-viola-de-sao-pedro-do-itabapoana-ciclo-ii-2025,grafo,Núcleo de Formação de Sanfona e Viola de São Pedro do Itabapoana - Ciclo II,seg-musica,musica,sanfon,ambos,1,
proj-escola-de-musica-tocando-em-frente-2025,grafo,ESCOLA DE MÚSICA TOCANDO EM FRENTE,seg-musica,musica,music,ambos,1,
proj-2023-0j1g1,grafo,A DANÇA: UNIVERSO EM EXPANSÃO,seg-artes-cenicas,cenicas,danca,ambos,1,
proj-2023-pcdf2,grafo,"Projeto Raízes da Aldeia: Cultura, Artesanato e Resgate",seg-culturas-populares,populares,artesanat,ambos,1,
proj-2024-b7zfz,grafo,Corais das Montanhas,seg-musica,musica,corais,ambos,1,
proj-2024-wcj53,grafo,"Projeto Mãos Criativas - Artesanato, Sustentabilidade e Cultura",seg-culturas-populares,populares,artesanat,ambos,1,
proj-programa-de-residencia-do-mosteiro-zen-morro-da-vargem-2023-2025,grafo,Programa de Residência do Mosteiro Zen Morro da Vargem 2023,,,,,0,
proj-2023-k1bqh,grafo,TORNANDO IDEIAS REALIDADE,,,,,0,
proj-2023-8z0gk,grafo,Oficinas de Formação Música Clássica,seg-musica,musica,music,ambos,1,
proj-2023-vm876,grafo,Restauração e revitalização do casarão Família Baptista,seg-patrimonio,patrimonio,restauracao,ambos,1,
proj-festival-manhagua-2025,grafo,Festival Manhágua,,,,,0,
proj-filarmonica-de-mulheres-do-espirito-santo-musica-e-representatividade-2025,grafo,'Filarmônica de Mulheres do Espírito Santo: música e representatividade”,seg-musica,musica,filarmon,ambos,1,
proj-2024-ht8qp,grafo,Orquestra Brasileira de Cantores Cegos - 3º Repertório,seg-musica,musica,orquestr,ambos,1,
proj-circulacao-de-espetaculo-igrejas-historicas-capixabas-2025,grafo,Circulação de Espetáculo - Igrejas Históricas Capixabas,seg-artes-cenicas,cenicas,espetacul,ambos,2,patrimonio
proj-2024-8xrf4,grafo,Festival Delírio Tropical,,,,,0,
proj-2023-gngtz,grafo,Turma da Ação,,,,,0,
proj-2023-wmpxz,grafo,Estúdio Escola de Animação,seg-audiovisual,audiovisual,animacao,ambos,1,
proj-2024-x6hwg,grafo,2ª Festa da Palavra,seg-culturas-populares,populares,festa d,ambos,1,
proj-2024-pm31k,grafo,Crias.Lab 2024,,,,,0,
proj-festival-origraffes-7-edicao-2025,grafo,FESTIVAL ORIGRAFFES - 7° EDIÇÃO,seg-artes-visuais,visuais,graff,ambos,1,
proj-encontro-das-chefs-2024-2025,grafo,Encontro das Chefs 2024,,,,,0,
proj-2024-d8sgc,grafo,4A Mostra CineMarias,seg-audiovisual,audiovisual,cinema,ambos,1,
proj-a-paixao-segundo-sao-joao-de-j-s-bach-2025,grafo,A Paixão Segundo São João de J. S. Bach,,,,,0,
proj-2023-prgrb,grafo,FECSTA 7 - FESTIVAL DE CINEMA DE SANTA TERESA - ES,seg-audiovisual,audiovisual,cinema,ambos,1,
proj-2023-5v13m,grafo,Cidades 20-30,,,,,0,
proj-2023-lc19f,grafo,Compondo na Rua,,,,,0,
proj-2022-hh970,grafo,"ENCANTANDO PESSOAS, CELEBRANDO A NATUREZA",,,,,0,
proj-laboratorio-dos-sonhos-2025,grafo,Laboratório dos Sonhos,,,,,0,
proj-2023-1prsj,grafo,ENCONTRO DE CULTURAS POPULARES E TRADICIONAIS,seg-culturas-populares,populares,tradicion,ambos,1,
proj-2024-0gz3g,grafo,2º FESTIVAL NACIONAL DE CAPOEIRA,seg-culturas-populares,populares,capoeira,ambos,1,
proj-2023-wqw4g,grafo,Quintal do CSE: Intervenções Socioespaciais Identitárias,,,,,0,
proj-tecer-folias-2025,grafo,Tecer Folias,seg-culturas-populares,populares,folia,ambos,1,
proj-2023-cv6rh,grafo,Orquestra de Câmara Infanto-juvenil João XXIII,seg-musica,musica,orquestr,ambos,1,
proj-a-escola-vai-ao-teatro-tratamento-tecnico-do-acervo-grafico-2025,grafo,A Escola vai ao Teatro Tratamento Técnico do Acervo Gráfico,seg-artes-cenicas,cenicas,teatr,ambos,2,museus
proj-editorial-do-jornal-correio-popular-de-cariacica-es-inventario-conservacao-e-dig,grafo,"Editorial do Jornal Correio Popular de Cariacica/ES: Inventário, Conservação e Digitalização.",,,,,0,
proj-2023-bl62f,grafo,Festival Batidas do Mundo,,,,,0,
proj-teatro-vai-a-escola-de-onde-vem-o-dinheiro-2025,grafo,Teatro vai à escola - De onde vem o dinheiro?,seg-artes-cenicas,cenicas,teatr,ambos,1,
proj-2023-tq8c9,grafo,Ecos Culturais do Convento,,,,,0,
proj-2023-zzb43,grafo,Mar Adentro,,,,,0,
proj-samba-que-eu-quero-ver-mostra-cultural-de-bamba-2025,grafo,Samba que Eu Quero Ver - Mostra Cultural de Bamba,seg-culturas-populares,populares,samba,ambos,1,
proj-2023-r7gc8,grafo,FESTIVAL RAÍZES DO SAMBA,seg-culturas-populares,populares,samba,ambos,1,
2022-1810C,habilitados,"Travessia - O parto à margem, no rio Piraquê-Açu",,,,,0,
2022-C4V42,habilitados,Algazarra Coral: formação vocal e responsabilidade social – ano 2023,seg-musica,musica,coral,ambos,1,
2022-Z2KZF,habilitados,A Fantástica Carpintaria,,,,,0,
2022-19NNC,habilitados,Espetáculo Alice No País Das Maravilhas,seg-artes-cenicas,cenicas,espetacul,ambos,1,
2022-9BD9G,habilitados,Sabor e Saber,,,,,0,
2022-JBZVN,habilitados,Carnaval Folclórico do Boi Pintadinho de Muqui/ES - 2023,seg-culturas-populares,populares,carnaval,ambos,1,
2022-83B3M,habilitados,State of Coffee,,,,,0,
2022-220W3,habilitados,Águas Do Itapemirim,,,,,0,
2022-64KD3,habilitados,8ª TendaLab,,,,,0,
2022-XJ2XH,habilitados,Narrativas Periféricas,,,,,0,
2022-2LCF5,habilitados,O Fabuloso Mundo das Cores - Heidi Liebermann,,,,,0,
2022-TNZCX,habilitados,11º FECIM - Festival de TV e Cinema de Muqui,seg-audiovisual,audiovisual,cinema,ambos,1,
2022-HD6BK,habilitados,Natal da Paz e do Bem,,,,,0,
2022-1XWXJ,habilitados,Natal Iluminado 2022,,,,,0,
2022-65X12,habilitados,Livro “Baía das Tartarugas: Riqueza marinha na capital do Espírito Santo”,seg-literatura,literatura,livro,ambos,1,
2022-C89QH,habilitados,Herança Negra - Turnê no Espírito Santo,,,,,0,
2022-NCX4M,habilitados,1ª Etapa do Museu do Mosteiro Zen.,seg-museus-memoria,museus,museu,ambos,1,
2022-1MLZT,habilitados,Projeto Xapuri,,,,,0,
2022-HR8RT,habilitados,Remontagem Do Armazém Do Café De Santa Marta/Ibitirama Como Centro Cultural Multiverso Em Patrimônio Da Penha/ Divino De São Lourenço.,seg-culturas-populares,populares,divino,ambos,2,patrimonio
2022-MFF4T,habilitados,"Manutenção do ensino musical gratuito para crianças, adolescentes e jovens da Escola Municipal Agrícola",seg-musica,musica,music,ambos,1,
2022-CP09H,habilitados,Ready to Rock,seg-musica,musica,rock,ambos,1,
2022-05G2G,habilitados,Mostra Povoar,,,,,0,
2022-3Q613,habilitados,Formemus 2023,,,,,0,
2022-PC04X,habilitados,Latasha,,,,,0,
2022-9NT8C,habilitados,"2o Festival De Caxambu De Pedra Branca 'Fé, Raça Em Um Só Coração”",seg-culturas-populares,populares,caxambu,ambos,1,
2022-Z2R6J,habilitados,As Quatro Estações de Vivaldi,,,,,0,
2022-49MMM,habilitados,Moqueca Pop Festival,,,,,0,
2022-W3TL3,habilitados,"Gravações, em Muqui, de cenas do filme ""De tanto amar""",seg-audiovisual,audiovisual,filme,ambos,1,
2022-9RVGV,habilitados,6ª edição Manguinhos Jazz & Blues Festival,seg-musica,musica,jazz,ambos,1,
2022-0PP25,habilitados,5@ Sinfônica Igrejas Históricas Capixabas,seg-patrimonio,patrimonio,igreja,ambos,2,musica
2022-KSSWD,habilitados,Festival Nacional De Capoeira,seg-culturas-populares,populares,capoeira,ambos,1,
2022-R4GNW,habilitados,72º Encontro Nacional de Folias de Reis – Muqui/ES,seg-culturas-populares,populares,folia,ambos,1,
2022-1KLD7,habilitados,“E quem se importa?” - Distribuição e Comercialização de longa-metragem,seg-audiovisual,audiovisual,longa-metragem,ambos,1,
2022-8VR5D,habilitados,"Festival Roda de Boteco, Colatina-ES",,,,,0,
2022-BFTK4,habilitados,Escola de Música Tocando em Frente,seg-musica,musica,music,ambos,1,
2022-82W8Z,habilitados,Orquestra Brasileira De Cantores Cegos,seg-musica,musica,orquestr,ambos,1,
2022-2SR6P,habilitados,Websérie Palavra Negra - 3° Temporada,seg-audiovisual,audiovisual,webserie,ambos,1,
2022-6BDP7,habilitados,Vazante,,,,,0,
2022-MVWBR,habilitados,Festival Nacional De Teatro De Cidade De Vitoria 18a Edição,seg-artes-cenicas,cenicas,teatr,ambos,1,
2022-20250,habilitados,“IV Festival Internacional De Violão Do Espírito Santo (FIVES) e V Concurso Latino-Americano De Violão Maurício De,,,,,0,
2022-Q292N,habilitados,"Oliveira” “Nada Me Falta”, Videografia De Mulheres: Cegas, Surdas E Videntes-Ouvintes Em Interação",,,,,0,
2022-LR2T1,habilitados,Vírgula,,,,,0,
2022-67RVF,habilitados,Bekoo das Pretas Festival/Bkdp Festival,,,,,0,
2022-Z91ZF,habilitados,O Canto do Beija Flor,seg-musica,musica,canto,ambos,1,
2022-PHX83,habilitados,Montanhas Contemporâneas Capixabas,,,,,0,
2022-87D66,habilitados,Música e Artes na Capital Vitória/ES,seg-musica,musica,music,ambos,1,
2022-4LJGV,habilitados,Coral Arcelor,seg-musica,musica,coral,ambos,1,
2022-L2BVZ,habilitados,24o Festival De Inverno Da Sanfona E Da Viola De São Pedro Do Itabapoana,seg-musica,musica,sanfon,ambos,1,
2022-Z1XJQ,habilitados,Festival CRIAS.LAB,,,,,0,
2022-WHK4V,habilitados,29o Festival de Cinema de Vitória,seg-audiovisual,audiovisual,cinema,ambos,1,
2022-K3M60,habilitados,A Trupe Barroca - Concerto De Natal 2022,seg-musica,musica,concerto,ambos,1,
2022-P2FN3,habilitados,CAPPITELLA – Festa Do Cappelletti E Da Tagliatella,seg-culturas-populares,populares,festa d,ambos,1,
2022-XX9K7,habilitados,2º Ventania.Lab - Residência Audiovisual,seg-audiovisual,audiovisual,audiovisual,ambos,1,
2022-F0975,habilitados,Vitória Mostra Docs,,,,,0,
2022-S80KH,habilitados,7a TendaLab,,,,,0,
2022-ZZ8WC,habilitados,Do Forte da Barra ao Batalhão Tibúrcio: cinco séculos de história,,,,,0,
2022-DK8GT,habilitados,Festival MoV.Cidade 2022,,,,,0,
2022-PHLMS,habilitados,Permear o Museu,seg-museus-memoria,museus,museu,ambos,1,
2022-05N9Z,habilitados,Singulares,,,,,0,
2022-R8BJK,habilitados,Festival de Música Erudita do Espírito Santo - Edição especial 10 anos,seg-musica,musica,music,ambos,1,
2022-M5V6Q,habilitados,Corpo Afro - Manutenção de Grupo e Manifestações Negro-brasileiras,,,,,0,
2022-RWW2K,habilitados,9a edição do Festival Internacional De Jazz e Bossa De Santa Teresa,seg-musica,musica,jazz,ambos,1,
2022-JJS7Q,habilitados,"""Mais Cultura Nas Escolas""",,,,,0,
2022-MWSV5,habilitados,5º FECSTA - Festival De Cinema De Santa Teresa,seg-audiovisual,audiovisual,cinema,ambos,1,
2022-MRJRS,habilitados,"Escola De Fotógrafos Cegos e Exposição:"" Quando Fecho os Olhos Vejo Mais Perto""",seg-audiovisual,audiovisual,fotograf,normalizado,2,visuais
2022-HZ46T,habilitados,"Montagem e turnê do espetáculo teatral ""A SÓS""",seg-artes-cenicas,cenicas,espetacul,ambos,1,
2022-3FS25,habilitados,SobreVoar,,,,,0,
2022-KG76B,habilitados,28º Festival de Cinema de Vitória - Reencontro,seg-audiovisual,audiovisual,cinema,ambos,1,
2022-DLFVH,habilitados,3ª Live Cultural da Festa do Carro de Boi 2022,seg-culturas-populares,populares,festa d,ambos,1,
2023-MB46K,habilitados,II FESTIVAL DE MÚSICA PRIMAVERA TERESENSE,seg-musica,musica,music,ambos,1,
2023-1PRSJ,habilitados,ENCONTRO DE CULTURAS POPULARES E TRADICIONAIS,seg-culturas-populares,populares,tradicion,ambos,1,
2022-M4Z22,habilitados,Orquestra Filarmônica Moderna Brasileira,seg-musica,musica,orquestr,ambos,1,
2023-WMPXZ,habilitados,Estúdio Escola de Animação,seg-audiovisual,audiovisual,animacao,ambos,1,
2023-32MFD,habilitados,26º Festival de Inverno da Sanfona e da Viola de São Pedro do Itabapoana,seg-musica,musica,sanfon,ambos,1,
2023-KNQFG,habilitados,Raiar da Liberdade,,,,,0,
2023-RT9Q4,habilitados,É isso mesmo produção?! Memória feminina do teatro capixaba,seg-artes-cenicas,cenicas,teatr,ambos,2,museus
2023-F8CC5,habilitados,Festival MC 2024,,,,,0,
2023-72GQM,habilitados,Capacitação para fazedores de alegorias e adereços da Escola de Samba Unidos da Piedade,seg-culturas-populares,populares,samba,ambos,1,
2023-5S87C,habilitados,II Festival Regional de Teatro Infantil – Troféu Pássaro de Fogo,seg-artes-cenicas,cenicas,teatr,ambos,1,
2023-QQ6B5,habilitados,Carnaval Folclórico dos Bois Pintadinhos de Muqui-ES – 2024,seg-culturas-populares,populares,carnaval,ambos,1,
2023-5XV0S,habilitados,Convergência Cultural,,,,,0,
2023-XP8G3,habilitados,Mostra Povoar,,,,,0,
2022-TPG5Z,habilitados,Projeto Travessia,,,,,0,
2022-2NDS4,habilitados,A Paixão Segundo São João de J. S. Bach (Residência Artística),,,,,0,
2023-42TC3,habilitados,Escola De Música Tocando Em Frente,seg-musica,musica,music,ambos,1,
2023-7S305,habilitados,Festival Iriri Choro e Samba,seg-culturas-populares,populares,samba,ambos,2,musica
2022-660J2,habilitados,Baía de Vitória: outras margens possíveis,,,,,0,
2023-WTBGJ,habilitados,Formemus,,,,,0,
2023-VM876,habilitados,Restauração e revitalização do casarão Família Baptista,seg-patrimonio,patrimonio,restauracao,ambos,1,
2023-FK5W3,habilitados,R2R Música para Todos,seg-musica,musica,music,ambos,1,
2023-8N872,habilitados,NADO,,,,,0,
2023-674P6,habilitados,Música e Artes na Capital Vitória/ES (Segunda Edição),seg-musica,musica,music,ambos,1,
2022-2QL0F,habilitados,"ASA ""ATELIER SOCIAL ARTE""",,,,,0,
2023-WQW4G,habilitados,Quintal do CSE: Intervenções Socioespaciais Identitárias,,,,,0,
2023-NBL4R,habilitados,Espaço Literário Zig Braga,,,,,0,
2023-BWFJ7,habilitados,A Fantástica Carpintaria: design circular aplicado a quintais urbanos,seg-artes-visuais,visuais,design,ambos,1,
2023-9CL2D,habilitados,Festival do Sol,,,,,0,
2023-1J09J,habilitados,V Festival Internacional de Violão do Espírito Santo (FIVES) e VI Concurso Latino-Americano de Violão Maurício de Oliveira,,,,,0,
2022-C2367,habilitados,DançIdade - Dança Contemporânea na Maturidade,seg-artes-cenicas,cenicas,danca,ambos,1,
2023-WXS00,habilitados,Moqueca Pop Verão - Edição Marataízes,,,,,0,
2023-TV1JV,habilitados,VIII Seminário Internacional Arte!brasileiros,,,,,0,
2022-BH1S5,habilitados,Memórias Capixabas - Sul do Espírito Santo,seg-museus-memoria,museus,memoria,ambos,1,
2023-NB5P3,habilitados,14ª Festa Folclórica de Santo Antônio do Muqui,seg-culturas-populares,populares,folclor,normalizado,1,
2023-4ZD16,habilitados,ExpoSul Cultural 2023,,,,,0,
2023-4MWGM,habilitados,"Escola De Fotógrafos Cegos: A Exposição, 4 Cidades",seg-audiovisual,audiovisual,fotograf,normalizado,2,visuais
2022-595FN,habilitados,Roda de Boteco - Grande Vitória,,,,,0,
2023-4TB56,habilitados,Orquestra da Quebrada (Orquestra Jovem Capixaba - Concertos na Grande Vitória),seg-musica,musica,orquestr,ambos,1,
2023-8Z0GK,habilitados,Oficinas de Formação Música Clássica,seg-musica,musica,music,ambos,1,
2023-S55BB,habilitados,Reencontros - Ocupações Artísticas no Museu Capixaba do Negro MUCANE,seg-museus-memoria,museus,museu,ambos,1,
2023-VSJGD,habilitados,Natureza Despertada,,,,,0,
2022-H0SNV,habilitados,BRAVOS - A Vila do Fim do Mundo,,,,,0,
2023-G9CPF,habilitados,Circulação do Espetáculo “Fuscalhaço”,seg-artes-cenicas,cenicas,espetacul,ambos,1,
2023-RVPM7,habilitados,Núcleo De Formação Musical Em Sanfona E Viola De São Pedro Do Itabapoana,seg-musica,musica,music,ambos,1,
2023-6MBHB,habilitados,"Tratamento Técnico do Acervo Gráfico Editorial do Jornal Correio Popular de Cariacica/ES: Inventário, Conservação e Digitalização",seg-museus-memoria,museus,acervo,ambos,1,
2023-BLDNJ,habilitados,Mais Cultura Nas Escolas 2ª Edição,,,,,0,
2023-RC4LK,habilitados,Jose Carlos Vilar. Precisão e suavidade,,,,,0,
2022-G4S2Z,habilitados,Dançando para não Dançar,seg-artes-cenicas,cenicas,danca,ambos,1,
2022-XLQ1B,habilitados,A Trupe Barroca: Uma Nova Mùsica Antiga 2024,seg-musica,musica,music,normalizado,1,
2023-08G7S,habilitados,V De Recreio em Recreio,,,,,0,
2023-PMCBV,habilitados,"""Caravana Pé na Estrada"" - 5ª Edição",,,,,0,
2023-K1BQH,habilitados,Tornando Ideias Realidade,,,,,0,
2023-GJ366,habilitados,Samba Que Eu Quero Ver - Mostra Cultural de Bamba,seg-culturas-populares,populares,samba,ambos,1,
2023-MJHMK,habilitados,Festival Novos Cantores - 2ª Edição,,,,,0,
2022-7C0QL,habilitados,"Festival de Arte Contemporânea - Futuros Imaginados, presentes possíveis.",,,,,0,
2022-W21MB,habilitados,Programa de Residência do Mosteiro Zen Morro da Vargem 2023.,,,,,0,
2023-KTH9X,habilitados,Coral ArcelorMittal 2023,seg-musica,musica,coral,ambos,1,
2023-R3WJX,habilitados,"MOINHO VITÓRIA: Remoção, Restauro e Reinstalação",,,,,0,
2023-99NV8,habilitados,FESTIVAL OYÁ,,,,,0,
2022-M8QTV,habilitados,Araçá-una: ciclos de cocriação,,,,,0,
2022-KWQZJ,habilitados,Literomusical Ambiental Alman’arte: artes em biocomposição,seg-musica,musica,music,ambos,1,
2022-H1FMV,habilitados,Pacifista,,,,,0,
2022-VVS3B,habilitados,Residência Artística - Flávia Dalla Bernardina,,,,,0,
2022-MH58P,habilitados,A Máquina Do Tempo Musical,seg-musica,musica,music,ambos,1,
2022-6C05R,habilitados,A Bela e a Fera,,,,,0,
2022-CBTLT,habilitados,Super Macakids unidos pelo meio ambiente!,,,,,0,
2022-DVCCG,habilitados,Arte e ambiente inteiro,,,,,0,
2022-NLCS2,habilitados,"Construir, Tocar e Cantar para Transformar",,,,,0,
2022-HC6PC,habilitados,REVOADA-CIRCULAÇÃO DO ESPETÁCULO DE RUA PASSARINHEIROS,seg-artes-cenicas,cenicas,espetacul,ambos,1,
2022-0SN3K,habilitados,Cinema de Griô,seg-audiovisual,audiovisual,cinema,ambos,1,
2022-BDWKG,habilitados,Folclórica,seg-culturas-populares,populares,folclor,normalizado,1,
2023-JXCJ3,habilitados,CAPPITELLA – FESTA DO CAPPELLETTI E DA TAGLIATELLA 2023,seg-culturas-populares,populares,festa d,ambos,1,
2023-Z3J6P,habilitados,JAZZ VITÓRIA FESTIVAL,seg-musica,musica,jazz,ambos,1,
2022-6XZW4,habilitados,The Hidden,,,,,0,
2022-FJR20,habilitados,Festival MC 2023 {Mostra Cena Capixaba Ciclo nº 2,,,,,0,
2023-5F2QL,habilitados,95a. Festa de São Pedro - edição 2023,seg-culturas-populares,populares,festa d,ambos,1,
2022-CR61F,habilitados,Projeto Maestro Max Carvalho,,,,,0,
2022-ZZBV5,habilitados,Centro Cultural Projeto Caiman,,,,,0,
2022-HH970,habilitados,"Encantando Pessoas, Celebrando A Natureza",,,,,0,
2023-MZ120,habilitados,Festival Internacional De Jazz E Bossa De Santa Teresa - Santajazz - 10ª Edição,seg-musica,musica,jazz,ambos,1,
2022-CD23H,habilitados,Cinema é Coisa Séria,seg-audiovisual,audiovisual,cinema,ambos,1,
2022-GHF1N,habilitados,Olha Pro Céu Meu Amor,,,,,0,
2022-8S91R,habilitados,Marien Calixte Jazz Music Festival - 4a. Edição,seg-musica,musica,jazz,ambos,1,
2022-R4K8H,habilitados,Memórias do Quilombo Monte Alegre,seg-culturas-populares,populares,quilombo,ambos,2,museus
2023-LGC1J,habilitados,25o Festival de Inverno da Sanfona e da Viola de São Pedro do Itabapoana,seg-musica,musica,sanfon,ambos,1,
2022-S4TPC,habilitados,Fabricação e Musicalização da Flauta Transversal,seg-musica,musica,music,ambos,1,
2022-1557P,habilitados,CineMarias Mulheres Protagonistas - 2023,seg-audiovisual,audiovisual,cinema,ambos,1,
2022-40RJ2,habilitados,Modernização museológica do Museu Aberto das Tartarugas Marinhas da Fundação Projeto Tamar em Vitória/ES,seg-museus-memoria,museus,museu,ambos,1,
2022-JTL99,habilitados,Mostra Comemorativa 30 Anos do Festival de Cinema de Vitória,seg-audiovisual,audiovisual,cinema,ambos,1,
2022-WT5FZ,habilitados,Caravana Combiousa - Expedição Monte Aghá,,,,,0,
2022-8KN40,habilitados,Vozes Plurais,,,,,0,
2022-QNZ17,habilitados,"Nano Viana, 20 anos",,,,,0,
2022-T58GX,habilitados,RUBEM BRAGA - A VIDA EM VOZ ALTA - Circulação pelo ES,,,,,0,
2022-HZM71,habilitados,Origraffes (Original Graffiti Espírito Santo),seg-artes-visuais,visuais,graff,ambos,1,
2022-PS1Q5,habilitados,Crias.Lab 2023,,,,,0,
2022-MH6GF,habilitados,Do Barroco a Jobim - Uma Viagem pela Música,seg-musica,musica,music,ambos,1,
2022-61S2R,habilitados,FECSTA -6 - Festival De Cinema De Santa Teresa,seg-audiovisual,audiovisual,cinema,ambos,1,
2023-PH2D3,habilitados,"Festa da Penha 2023 ""Com Maria, chamados a Servir""",seg-culturas-populares,populares,festa d,ambos,1,
2022-185J7,habilitados,Centro Cultural Luz Del Fuego,,,,,0,
2022-D7K3C,habilitados,Natal de Encantos - 2023,,,,,0,
2022-5949M,habilitados,Põe Fermento No Menino Melequento,,,,,0,
2022-DRBWG,habilitados,Raiar da Liberdade,,,,,0,
2022-CC9TK,habilitados,Baile Voador: ressaca do carnaval 2023,seg-culturas-populares,populares,carnaval,ambos,1,
2022-B0CCP,habilitados,Prêmio da Música Capixaba - 2a. Edição,seg-musica,musica,music,ambos,1,
2022-RTPHL,habilitados,Carnaval de Congo de Máscaras de Roda D’Água de Cariacica-2023,seg-culturas-populares,populares,carnaval,ambos,1,
2022-7D9CX,habilitados,Encontro Das Pretas - 9a Edição,,,,,0,
2022-8LMZ7,habilitados,Residência literária nas montanhas do Caparaó,,,,,0,
2022-92247,habilitados,"Jogo Digital: ""12 Anos no ES""",seg-cultura-digital,digital,jogo,ambos,1,
2022-PKJ52,habilitados,Carnaval Cultural de Mimoso do Sul/ES - 2023,seg-culturas-populares,populares,carnaval,ambos,1,
2022-2ZKZG,habilitados,Carnaval Multicultural de Atílio Vivácqua/ES - 2023,seg-culturas-populares,populares,carnaval,ambos,1,
2022-CSTK7,habilitados,11° Festival de Música Erudita do Espírito Santo,seg-musica,musica,music,ambos,1,
2022-B6CR0,habilitados,23º Festival Nacional de Teatro de Guaçuí,seg-artes-cenicas,cenicas,teatr,ambos,1,
2022-0GW77,habilitados,Do cheiro do café em flor,,,,,0,
2024-7862T,habilitados,Música E Artes Na Capital Vitória ES,seg-musica,musica,music,ambos,1,
2024-L44FD,habilitados,Laboratório dos Sonhos,,,,,0,
2024-LMF2Z,habilitados,Projeto Escolas no Teatro Eliziário Rangel (PETER) | 2º edição,seg-artes-cenicas,cenicas,teatr,ambos,1,
2024-HT8QP,habilitados,Orquestra Brasileira de Cantores Cegos - 3º Repertório,seg-musica,musica,orquestr,ambos,1,
2024-D8SGC,habilitados,4A Mostra CineMarias,seg-audiovisual,audiovisual,cinema,ambos,1,
2024-1V0QR,habilitados,Mais Cultura Nas Escolas,,,,,0,
2024-XDJHX,habilitados,Samba que Eu Quero Ver - Mostra Cultural de Bamba,seg-culturas-populares,populares,samba,ambos,1,
2024-VM90J,habilitados,Musicalização Agrícola,seg-musica,musica,music,ambos,1,
2024-B7ZFZ,habilitados,Corais das Montanhas,seg-musica,musica,corais,ambos,1,
2024-WCJ53,habilitados,"Projeto Mãos Criativas - Artesanato, Sustentabilidade e Cultura",seg-culturas-populares,populares,artesanat,ambos,1,
2023-7F9L1,habilitados,Porque é lixo?,,,,,0,
2023-M66CV,habilitados,"BATALHA DO N9V: CULTURA, ARTE E LAZER NA FAVELA",,,,,0,
2023-Z8S67,habilitados,Feira de Empreendedorismo LGBTQIA+ do Espirito Santo,,,,,0,
2024-L3MTX,habilitados,ANIMA - 1º ENCONTRO DE CINEMA DE ANIMAÇÃO,seg-audiovisual,audiovisual,cinema,ambos,1,
2024-VWLGS,habilitados,Música no Parque,seg-musica,musica,music,ambos,1,
2024-5GVJJ,habilitados,2º ventania.lab - Laboratório Audiovisual,seg-audiovisual,audiovisual,audiovisual,ambos,1,
2023-0HB19,habilitados,Natal da Paz e do Bem,,,,,0,
2023-R7GC8,habilitados,Festival raizes do Samba,seg-culturas-populares,populares,samba,ambos,1,
2024-X6HWG,habilitados,2ª Festa da Palavra,seg-culturas-populares,populares,festa d,ambos,1,
2023-CS62C,habilitados,Circuito Cultural Jardim Camburi,,,,,0,
2024-0QFT9,habilitados,"""Teatro vai à escola - De onde vem o dinheiro?""",seg-artes-cenicas,cenicas,teatr,ambos,1,
2023-P78XD,habilitados,“CAFÉ PURO PODCAST”,seg-cultura-digital,digital,podcast,ambos,1,
2024-0GZ3G,habilitados,2º FESTIVAL NACIONAL DE CAPOEIRA,seg-culturas-populares,populares,capoeira,ambos,1,
2023-V29BR,habilitados,Amor e Movimento,,,,,0,
2023-6NSLP,habilitados,Café & Cultura: Núcleo de Desenvolvimento de Roteiros,,,,,0,
2023-TQ8C9,habilitados,Ecos Culturais do Convento,,,,,0,
2023-4PQBF,habilitados,“Legado Irreprimível: As páginas de resistência da obra de Perly Cipriano”,,,,,0,
2023-T72M5,habilitados,“Jardins do Afeto e da Memória”,seg-museus-memoria,museus,memoria,ambos,1,
2023-6HNH7,habilitados,"""A Escola vai ao Teatro""",seg-artes-cenicas,cenicas,teatr,ambos,1,
2023-5V13M,habilitados,Cidades 20-30,,,,,0,
2024-518VD,habilitados,Morte de um Caixeiro Viajante,,,,,0,
2024-9VDTT,habilitados,Festa da Pecuária,seg-culturas-populares,populares,festa d,ambos,1,
2024-GG084,habilitados,O Quebra Nozes Capixaba Itinerante,,,,,0,
2023-LZSX4,habilitados,"Banda Musical São Sebastião, 73 anos de história",seg-musica,musica,banda,ambos,1,
2023-J53ZF,habilitados,“Orquestra Acadêmica do Ifes”,seg-musica,musica,orquestr,ambos,1,
2024-ZDJJM,habilitados,Gera.Ação - Oficinas Intergeracionais,,,,,0,
2023-PCDF2,habilitados,"Projeto Raízes da Aldeia: Cultura, Artesanato e Resgate",seg-culturas-populares,populares,artesanat,ambos,1,
2023-DSMSP,habilitados,2º Festival Semente Literária,,,,,0,
2023-0NZB3,habilitados,'Encontro da Chefs 2024'',,,,,0,
2023-Z1JBG,habilitados,IX Encontro Brasileiro de Trompistas no Espírito Santo,,,,,0,
2024-SFCLQ,habilitados,Projeto Stoked,,,,,0,
2024-Q2470,habilitados,Diversão e Arte,,,,,0,
2024-PM31K,habilitados,Crias.Lab 2024,,,,,0,
2023-KZHXT,habilitados,Onda Sonora,,,,,0,
2024-LNTS6,habilitados,207ª Festa Do Divino Espírito Santo De Viana-ES,seg-culturas-populares,populares,festa d,ambos,1,
2023-9RT9Q,habilitados,10º Festival Nacional de Cinema Ambiental do Espírito Santo - CINE.EMA,seg-audiovisual,audiovisual,cinema,ambos,1,
2023-HJF7P,habilitados,“Itália Mia 2024”,,,,,0,
2023-0J1G1,habilitados,A DANÇA: Universo em Expansão,seg-artes-cenicas,cenicas,danca,ambos,1,
2023-4MJCT,habilitados,'24º Festival Nacional de Teatro de Guaçuí”,seg-artes-cenicas,cenicas,teatr,ambos,1,
2023-D8NHK,habilitados,'Carnaval Cultural de Mimoso do Sul – 2024”,seg-culturas-populares,populares,carnaval,ambos,1,
2024-2B0N1,habilitados,Arte e Cultura para Todos - 2º edição,,,,,0,
2024-MS3QJ,habilitados,1° Serra CineLab,,,,,0,
2023-D2859,habilitados,“Tecer Folias”,seg-culturas-populares,populares,folia,ambos,1,
2023-83NRF,habilitados,“Festival Origraffes - 7° Edição”,seg-artes-visuais,visuais,graff,ambos,1,
2023-57VCH,habilitados,Centro Cultural Canela Verde,,,,,0,
2023-QM38R,habilitados,Manutenção Artística com Foco no Conceito PsicoComportamental,,,,,0,
2024-KN5MZ,habilitados,7ª Festa Flor do Café,,,,,0,
2023-QCBWF,habilitados,“Carna Surpresa - O Carnaval da Barra do Jucu”,seg-culturas-populares,populares,carnaval,ambos,1,
2024-TZR5W,habilitados,Orquestra Brasileira de Cantores Cegos: Coral Para a Inclusão de Pessoas com Deficiência (2a Edição),seg-musica,musica,orquestr,ambos,1,
2023-BD58D,habilitados,Negros do Espírito Santo,,,,,0,
2023-6RPHV,habilitados,'Edição do livro Curubitos: Crônicas da Cultura Popular Capixaba”,seg-literatura,literatura,livro,ambos,1,
2023-RZJ4L,habilitados,Capixabarte - Circuito Artistico-Cultural Na Região V De Vila Velha,,,,,0,
2023-3C8S4,habilitados,Ampliação e qualificação do Museu da Baleia e Galeria de Arte Memorial da Paz no Espaço Baleia Jubarte,seg-museus-memoria,museus,museu,ambos,1,
2023-BKLZN,habilitados,Festival Nacional de Teatro Cidade de Vitória -20ª Edição,seg-artes-cenicas,cenicas,teatr,ambos,1,
2024-2C95T,habilitados,A Fantástica Carpintaria - Programa Educativo,,,,,0,
2023-JRW61,habilitados,"""Festival Manhágua”",,,,,0,
2024-L3FN9,habilitados,Diversão em Cena,,,,,0,
2023-BN9ZP,habilitados,Memórias Do Lar,seg-museus-memoria,museus,memoria,ambos,1,
2024-SS2BT,habilitados,Moqueca Pop Verão - Edição Iriri,,,,,0,
2023-SMP5M,habilitados,Mantendo Luz Del Fuego acesa,,,,,0,
2023-CV6RH,habilitados,Orquestra de Câmara Infanto-juvenil João XXIII,seg-musica,musica,orquestr,ambos,1,
2023-5G6XC,habilitados,Lona De Cultura E Arte,,,,,0,
2024-0VL47,habilitados,12ª Itália Unita,,,,,0,
2024-R7H5X,habilitados,Festival da Cultura Italiana – Tudo começou aqui “Noi Siamo la Storia”,,,,,0,
2023-4Z9J3,habilitados,Boa Vista Carnaval Capixaba 2025,seg-culturas-populares,populares,carnaval,ambos,1,
2023-DDSJJ,habilitados,Festa Do Imigrante De Santa Teresa 2024,seg-culturas-populares,populares,festa d,ambos,1,
2024-17HKP,habilitados,46ª Festa da Polenta,seg-culturas-populares,populares,festa d,ambos,1,
2024-8XRF4,habilitados,Festival Delírio Tropical,,,,,0,
2023-P5WLN,habilitados,Projeto Tramas Criativas: Formação em Estética Capilar Afro-brasileira,,,,,0,
2023-SCGXC,habilitados,'Circulação de Espetáculo - Igrejas Históricas Capixabas”,seg-artes-cenicas,cenicas,espetacul,ambos,2,patrimonio
2023-BL62F,habilitados,Festival Batidas do Mundo,,,,,0,
2024-HGG9K,habilitados,#EP10 - ENCONTRO DAS PRETAS 10 ANOS,,,,,0,
2024-G4CVM,habilitados,10º TendaLab,,,,,0,
2024-FPDG3,habilitados,31º Festival de Cinema de Vitória,seg-audiovisual,audiovisual,cinema,ambos,1,
2023-1FDSB,habilitados,73º Encontro Nacional de Folias de Reis - Muqui-ES - 2024,seg-culturas-populares,populares,folia,ambos,1,
2023-GH3Z0,habilitados,Exercícios para se lembrar: a performance como método para elaboração de subjetividades,,,,,0,
2023-K799N,habilitados,96ª Festa de São Pedro - Edição 2024,seg-culturas-populares,populares,festa d,ambos,1,
2023-XPZLT,habilitados,Filarmônica de Mulheres do Espírito Santo: música e representatividade,seg-musica,musica,filarmon,ambos,1,
2023-LC19F,habilitados,Compondo na Rua,,,,,0,
2023-H4HW1,habilitados,LO FI JAZZ - Produção Musical,seg-musica,musica,jazz,ambos,1,
2023-HPN9B,habilitados,"Novas Edições Dos Quadrinhos ""Safrinha""",,,,,0,
2023-5X79T,habilitados,MC Arte 2024,,,,,0,
2023-GXJLN,habilitados,Jazz Vitória Festival 2024,seg-musica,musica,jazz,ambos,1,
2023-3RCKP,habilitados,CAPPITELLA – Festa Do Cappelletti E Da Tagliatella 2023,seg-culturas-populares,populares,festa d,ambos,1,
2023-MX64B,habilitados,MARÍA DE BUENOS AIRES,,,,,0,
2023-900QG,habilitados,Reimagina: Praça Costa Pereira,,,,,0,
2023-KBQDW,habilitados,VII Festival Voadora,,,,,0,
2023-DJRN3,habilitados,Calendário Anual De Eventos – Banda de Congo Beatos de São Benedito,seg-culturas-populares,populares,congo,ambos,2,musica
2023-6V806,habilitados,Agenda cultural - 28º Programa de Verão de Atílio Vivácqua/ES,,,,,0,
2023-5QBHT,habilitados,Festival de Quadrilhas da Lagoa do Siri,seg-culturas-populares,populares,quadrilh,ambos,1,
2023-L11TR,habilitados,150 anos da Imigração Italiana no Espírito Santo - Brasil - Exposição Itinerante “As Colônias Italianas no Espírito Santo,seg-artes-visuais,visuais,exposicao,ambos,1,
2023-3WLPF,habilitados,UMA BREVE HISTORINHA DO MUNDO - O Livro de Elis,seg-literatura,literatura,livro,ambos,1,
2023-B9WNP,habilitados,Encontro de Folias de Reis de Burarama,seg-culturas-populares,populares,folia,ambos,1,
2023-NK2V6,habilitados,"ESCOLA DE FOTÓGRAFOS CEGOS, NOVOS OLHARES: TERRITÓRIOS",seg-audiovisual,audiovisual,fotograf,normalizado,1,
2023-KQRL6,habilitados,Som das Caieiras - Concertos,seg-musica,musica,concerto,ambos,1,
2023-D6HN5,habilitados,"""MADALENA""",,,,,0,
2023-PRGRB,habilitados,FECSTA 7 - FESTIVAL DE CINEMA DE SANTA TERESA - ES,seg-audiovisual,audiovisual,cinema,ambos,1,
2023-K4ZQ5,habilitados,Corpo Afro - Manutenção de Grupo e Manifestações Negro-brasileiras,,,,,0,
2023-N1HRJ,habilitados,Programa de fortalecimento de jongos e caxambus do sul capixaba,seg-culturas-populares,populares,jongo,ambos,1,
2023-GNGTZ,habilitados,Turma da Ação,,,,,0,
2023-7ND2S,habilitados,Marien Calixte Jazz Music Festival 2024,seg-musica,musica,jazz,ambos,1,
2023-69GRL,habilitados,Prêmio da Música Capixaba 2024,seg-musica,musica,music,ambos,1,
2023-M6Q4C,habilitados,VIAGEM LITERÁRIA,,,,,0,
2023-MQSDZ,habilitados,Congo de Máscaras de Roda D’Água de Cariacica-2024,seg-culturas-populares,populares,congo,ambos,1,
2022-08G6P,habilitados,Festival Bossa & Reggae,,,,,0,
2022-5KQ5X,habilitados,“O REI DOS REIS” - “Auto da Paixão de Cristo”,seg-culturas-populares,populares,reis,ambos,1,
2023-ZZB43,habilitados,Mar Adentro,,,,,0,
2023-BPTXX,habilitados,Circuito Cultural: Na batida do atabaque,,,,,0,
2023-D7T2H,habilitados,SALA IMERSIVA PIXXFLUXX,,,,,0,
2023-9TV0S,habilitados,FINA SINTONIA PRESENCIAL E ITINERANTE,,,,,0,
2023-B236K,habilitados,Consolidação e Restauração das Pinturas Parietais da Antiga Casa de Câmara e Cadeia de Itapemirim,seg-patrimonio,patrimonio,restauracao,ambos,2,visuais
2023-VV8MK,habilitados,"Festa da Penha 2024 “Ó Vem Conosco, Vem Caminhar!",seg-culturas-populares,populares,festa d,ambos,1,
2023-SK4MC,habilitados,FestReC Pot - Festival Regional da Cultura Popular e Tradicional,seg-culturas-populares,populares,tradicion,ambos,1,
2025-V9F70,habilitados,Projeto Cultural Tecer Folias - Ano II,seg-culturas-populares,populares,folia,ambos,1,
2025-75FLW,habilitados,Projeto Cultural Eterno Aprendiz,,,,,0,
2025-7QZ1X,habilitados,Vai Dar Samba - 5ª Edição,seg-culturas-populares,populares,samba,ambos,1,
2025-0G2ZD,habilitados,ATILIO FOLIA - Carnaval Cultural de Atílio Vivácqua,seg-culturas-populares,populares,folia,ambos,1,
2025-FXX9C,habilitados,A Trupe Barroca - Uma Nova Música Antiga 2026,seg-musica,musica,music,ambos,1,
2025-QXK9H,habilitados,Filarmônica de Mulheres do Espirito Santo - Natal Iluminado,seg-musica,musica,filarmon,ambos,1,
2025-1MT75,habilitados,R2R Música Para Todos 2,seg-musica,musica,music,ambos,1,
2025-WV98F,habilitados,XXXV Festa Do Imigrante Italiano De Santa Teresa,seg-culturas-populares,populares,festa d,ambos,1,
2025-0RV3W,habilitados,Festival Nacional de Forró de Itaúnas,seg-musica,musica,forro,ambos,1,
2025-R0CZP,habilitados,Biblioteca Itinerante Vila Quilombo,seg-culturas-populares,populares,quilombo,ambos,2,museus
2025-FZTLW,habilitados,Centro Cultural Canela Verde Cultura E Arte,,,,,0,
2025-G5V62,habilitados,Ecos do Convento - Trilhas do Saber,,,,,0,
2025-TGL66,habilitados,Ecos do Convento - Luzes da Criação,,,,,0,
2025-9TD2B,habilitados,A Música E A Arte De Renato Sabaini,seg-musica,musica,music,ambos,1,
2025-BLC51,habilitados,Livro Corredor de Vida Santa Teresa,seg-literatura,literatura,livro,ambos,1,
2025-QPLHP,habilitados,2º Fest EcoCultural: Observação da Natureza -Montanhas Capixabas,,,,,0,
2025-Z42VL,habilitados,Algazarra Coral: formação vocal e responsabilidade social,seg-musica,musica,coral,ambos,1,
2025-M0JJ1,habilitados,Carna Barra - Carnaval da Barra do Jucu,seg-culturas-populares,populares,carnaval,ambos,1,
2025-Q041P,habilitados,Festival Reencontros II - Edição Turmalina,,,,,0,
2025-6MRS2,habilitados,XXX Festival Internacional de Inverno de Música Erudita e Popular de Domingos Martins,seg-musica,musica,music,ambos,1,
2025-TRTMG,habilitados,Festa do Imigrante Polonês de Águia Branca: Festival Polskich Imigrantów,seg-culturas-populares,populares,festa d,ambos,1,
2025-2MXGB,habilitados,Boa Vista Carnaval Capixaba 2026,seg-culturas-populares,populares,carnaval,ambos,1,
2025-DG4T8,habilitados,Festival Da Baleia 2025,,,,,0,
2025-J4R03,habilitados,Festival de Cinema de Vitória,seg-audiovisual,audiovisual,cinema,ambos,1,
2025-1VZQW,habilitados,13ª Semana Cultural Italiana de Jaguaré,,,,,0,
2025-L5ZGN,habilitados,Orquestra de violões e canto infanto- juvenil,seg-musica,musica,orquestr,ambos,1,
2025-Z2F1D,habilitados,2ª Capacitação para fazedores de alegorias e adereços da Escola de Samba Unidos da Piedade,seg-culturas-populares,populares,samba,ambos,1,
2025-FW5PL,habilitados,The Skeep: Gravação de Álbum,,,,,0,
2025-W3JHC,habilitados,FECSTA 9 - Festival de Cinema de Santa Teresa - ES,seg-audiovisual,audiovisual,cinema,ambos,1,
2025-X1BSB,habilitados,Estúdio Escola de Animação 2026,seg-audiovisual,audiovisual,animacao,ambos,1,
2025-688GH,habilitados,Rosa dos Ventos,,,,,0,
2025-60Q4Z,habilitados,Samba no Centro,seg-culturas-populares,populares,samba,ambos,1,
2025-BK3F3,habilitados,Moqueca Pop Festival - 4ª Edição,,,,,0,
2025-HC308,habilitados,CAPOEIRA E CULTURA POPULAR,seg-culturas-populares,populares,capoeira,ambos,1,
2025-7TBJS,habilitados,OOPA! OLHA O PASSARINHO (2ª TEMPORADA),,,,,0,
2025-5D2MW,habilitados,Remontagem do Armazém de Santa Marta/Ibitirama como Centro de Cultura e Memória do Caparaó – Armazém Multiverso -FASE II + Plano Anual de Atividades Culturais e Educativas,seg-museus-memoria,museus,memoria,ambos,1,
2025-M0VHQ,habilitados,LIVRO AO ALCANCE DE TODOS,seg-literatura,literatura,livro,ambos,1,
2025-JLXSW,habilitados,ES Design,seg-artes-visuais,visuais,design,ambos,1,
2025-XLB5J,habilitados,Festival de Música do Norte do Espírito Santo | FEMUNES,seg-musica,musica,music,ambos,1,
2025-S1RSD,habilitados,Festival do Sol,,,,,0,
2025-Q68VW,habilitados,27º - 28º e 29º Festival de Inverno da Sanfona e da Viola de São Pedro do Itabapoana,seg-musica,musica,sanfon,ambos,1,
2025-11MBF,habilitados,Oficinas de Formação em Música Classica,seg-musica,musica,music,ambos,1,
2025-4V24B,habilitados,Turnê Repertório Grupo Taetral Caparaó,,,,,0,
2025-JG98D,habilitados,Média metragem: Diagnóstico Precoce do Câncer Infantil,,,,,0,
2025-8K72R,habilitados,3º Festival Nacional de Capoeira,seg-culturas-populares,populares,capoeira,ambos,1,
2025-4ZDJQ,habilitados,Jazz Vitória Festival 2025,seg-musica,musica,jazz,ambos,1,
2025-C788C,habilitados,"Maria, essa fé que me leva",,,,,0,
2025-3N7CD,habilitados,26ª Pomitafro,,,,,0,
2025-RC8N2,habilitados,13ª Italia Unita - Festa da Imigração Italiana de Aracruz - Municipio de Guaraná,seg-culturas-populares,populares,festa d,ambos,1,
2025-SB2J8,habilitados,Cinematoka - Mostra de Cinema Indígena e Vivência Etnico-Cultural,seg-audiovisual,audiovisual,cinema,ambos,2,populares
2025-FW54R,habilitados,A Feira da Letra - Flinc,,,,,0,
2025-MJQ06,habilitados,Lab da Quebrada - Formando Futuros - Plataforma de Cursos Profissionalizantes,,,,,0,
2025-DV11N,habilitados,Roda de Boteco 2025 - Edição 2025,,,,,0,
2025-C1KRL,habilitados,Festival Internacional de Jazz e Bossa Nova de Santa Teresa - Santa Jazz 2025 12ª edição,seg-musica,musica,jazz,ambos,1,
2025-XHP83,habilitados,Festival de Música Erudita do Espírito Santo,seg-musica,musica,music,ambos,1,
2025-QW9S1,habilitados,47ª Festa da Polenta,seg-culturas-populares,populares,festa d,ambos,1,
2025-49GXP,habilitados,"3º Festival PCD: pinta, Canta e Dança",seg-artes-cenicas,cenicas,danca,ambos,1,
2024-TS5HB,habilitados,Projeto nós que Transformamos: Marcenaria e Cultura,,,,,0,
2024-83FMM,habilitados,"Programa Cultural Balé da Ilha, ""Nas cores da ilha""",seg-artes-cenicas,cenicas,bale,normalizado,1,
2025-SPKTB,habilitados,Orquestra da Quebrada - Temporada Capixaba,seg-musica,musica,orquestr,ambos,1,
2025-VNDD9,habilitados,Comunita Fest 2025 - Encontro das Diversidades,,,,,0,
2025-6TW8N,habilitados,Cappitella - Festa do Cappelletti e da Tagliatella 2025,seg-culturas-populares,populares,festa d,ambos,1,
2025-RD193,habilitados,2º Festival da Cultura Italiana - La Storia Continua - Affetti e Sapori,,,,,0,
2024-PZ6LZ,habilitados,26º Natal Luz no Sitio Histórico de Muqui,seg-patrimonio,patrimonio,sitio hist,ambos,1,
2024-7NZLF,habilitados,Caminho Jesuíta,,,,,0,
2025-SXX99,habilitados,97ª Festa de São Pedro - Edição 2025,seg-culturas-populares,populares,festa d,ambos,1,
2024-74QM3,habilitados,VII Festival Internacional de Violão do Espirito Santo(FIVES) e VII Concurso de Violão Mauricio de Oliveira 100 Anos,,,,,0,
2025-3XG6Z,habilitados,"Festival ""Movimento Cidade"" 2026-2028 (8ª, 9ª e 10ª Edições)",,,,,0,
2024-9S205,habilitados,Festival BigStep,,,,,0,
2025-BJXHC,habilitados,Núcleo de Formação de Sanfona e Viola de São Pedro do Itabapoana,seg-musica,musica,sanfon,ambos,1,
2024-454L8,habilitados,Ato Final em Debate,,,,,0,
2024-8TB7C,habilitados,Raiar da Liberdade,,,,,0,
2024-840C1,habilitados,"Escola de Fotógrafos Cegos, A Exposição: 4 Cidades - 2ª Edição",seg-audiovisual,audiovisual,fotograf,normalizado,2,visuais
2024-HZSBS,habilitados,Carnaval Folclórico do Boi Pintadinho de Muqui/ES - 2025,seg-culturas-populares,populares,carnaval,ambos,1,
2026-TQMK8,habilitados,Capoeira e Cultura Popular,seg-culturas-populares,populares,capoeira,ambos,1,
2026-5PBHL,habilitados,Procura-se Lara,,,,,0,
2026-NZ9D3,habilitados,Paula Cassaro - 20 Anos - Ao Vivo,,,,,0,
2026-SCKNF,habilitados,Jazz Vix Festival 4ª Edição,seg-musica,musica,jazz,ambos,1,
2026-W7TBM,habilitados,Flinc - Festa Literária Internacional Capixaba (ano 3),,,,,0,
2025-WGKTT,habilitados,Nosso Ouro é a PolentaAspectos históricos e culturais dos imigrantes italianos em Venda Nova do Imigrante,,,,,0,
2026-NNC7R,habilitados,"Mãos Criativas - Artesanato, Sustentabilidade e Cultura",seg-culturas-populares,populares,artesanat,ambos,1,
2026-TWJD2,habilitados,Monumento Cooperativismo De São Gabriel da Palha,,,,,0,
2025-BN12V,habilitados,Circulação Do Espetáculo “Os Fuzis De Teresa Carrar”,seg-artes-cenicas,cenicas,espetacul,ambos,1,
2025-70M5F,habilitados,Festival Nacional De Teatro Cidade De Vitória 22ª Edição - FENATEVI,seg-artes-cenicas,cenicas,teatr,ambos,1,
2026-B4JW8,habilitados,Circuito Cultural Verde,,,,,0,
2026-VZMTQ,habilitados,Cinepuff - Caravana Estadual (Ano1),,,,,0,
2026-F1ZDQ,habilitados,48ª Festa da Polenta de 2026,seg-culturas-populares,populares,festa d,ambos,1,
2025-7NPG5,habilitados,"Paisagem Continuada: Fotografias, Desenhos e Depoimentos",seg-audiovisual,audiovisual,fotograf,ambos,1,
2025-WBCHT,habilitados,Circuito Cultural - Região 5,,,,,0,
2025-DZ8W2,habilitados,Territórios Criativos e Ancestrais: Juventudes Guardiãs da Cultura,,,,,0,
2025-LHW3M,habilitados,Café Conilon: O Ouro Negro Do Espírito Santo,,,,,0,
2025-33P6C,habilitados,"Mulheres, Grãos E Memórias",seg-museus-memoria,museus,memoria,ambos,1,
2025-C1XPG,habilitados,Memórias do Lar,seg-museus-memoria,museus,memoria,ambos,1,
2025-GXTFK,habilitados,Projeto Negraô - 35 Anos,,,,,0,
2026-BXDB7,habilitados,Festival Jam (Jazz Arte e Movimento) 2ª Edição,seg-musica,musica,jazz,ambos,1,
2025-58RFR,habilitados,"A Capoeira Capixaba: Apoio, Preservação e Promoção do Patrimônio Cultural Imaterial",seg-culturas-populares,populares,capoeira,ambos,2,patrimonio
2025-RK2BJ,habilitados,Literomusical Ambiental Alman’arte: Artes Em Biocomposição Edição 2025,seg-musica,musica,music,ambos,1,
2025-X1KG0,habilitados,Filarmônica De Mulheres Do Espírito Santo: Música E Representatividade - II,seg-musica,musica,filarmon,ambos,1,
2025-L9896,habilitados,Temporada Marien Calixte Jazz Music Festival,seg-musica,musica,jazz,ambos,1,
2025-HMWCM,habilitados,"Mãos Criativas - Artesanato, Sustentabilidade e Cultu",seg-culturas-populares,populares,artesanat,ambos,1,
2025-CFX7G,habilitados,Festejos Tradicionais Capixabas - Registros do Folclore e da Fé,seg-culturas-populares,populares,tradicion,ambos,1,
2025-QR8HV,habilitados,Entre A Senzala E O Quilombo: Malungo desde o navio negreiro,seg-culturas-populares,populares,quilombo,ambos,1,
2025-RZ6SH,habilitados,Bendito Samba 2025 - O Show Tem Que Continuar,seg-culturas-populares,populares,samba,ambos,2,musica
2026-3LXT7,habilitados,"14ª Itália Unita - Aracruz: Sua História Une Gerações: ""Sabores E Tradições Da Itália Dei Nostri Nonni""",,,,,0,
2025-7K1FV,habilitados,Espírito Santo por Cima – Do noroeste capixaba até os Doce Pontões,,,,,0,
2025-9R9X2,habilitados,Costa das Baleias,,,,,0,
2025-HFKGT,habilitados,3ª Edição Do Livro Negros No Espirito Santo,seg-literatura,literatura,livro,ambos,1,
2025-J7NGB,habilitados,Arte por toda a Parte Capixaba,,,,,0,
2025-9T9WD,habilitados,Grupo Árvore De Teatro 10 anos,seg-artes-cenicas,cenicas,teatr,ambos,1,
2025-B7SJZ,habilitados,Encontro Das Pretas,,,,,0,
2025-T178P,habilitados,Orquestra Som Da Ilha,seg-musica,musica,orquestr,ambos,1,
2025-CNFWC,habilitados,"3,2,1 REC - Difusão e Democratização da Música Urbana",seg-musica,musica,music,ambos,1,
2025-PHW93,habilitados,5ª Mostra Cinemarias,seg-audiovisual,audiovisual,cinema,ambos,1,
2025-34FH0,habilitados,"A Milionária, comédia de Bernard Shaw",,,,,0,
2025-L2ZQD,habilitados,Espírito Geek - 2ª Edição,,,,,0,
2025-FFQ31,habilitados,Festival do Beijú – 8ª Edição,,,,,0,
2025-00C1Z,habilitados,Tornando Ideias Realidade — 2º ano,,,,,0,
2025-DCRC9,habilitados,Ecologicamente Divertido - Cultura e Afeto para Crianças,,,,,0,
2025-8JPM7,habilitados,Viagem Literária,,,,,0,
2025-J6GZF,habilitados,Festival Delírio Tropical 2026,,,,,0,
2025-XBV4P,habilitados,Natal dos Reis Magos - Concerto de Música e Magia,seg-culturas-populares,populares,reis,ambos,2,musica
2025-2M4DV,habilitados,2ª edição - Festival Batidas do Mundo,,,,,0,
2025-FH60M,habilitados,Casa Decola,,,,,0,
2025-4T6CX,habilitados,"""Hq Tupi: A Lenda De Arariboia”",,,,,0,
2025-VRWDM,habilitados,Crias.Lab 2026,,,,,0,
2025-BNHCX,habilitados,Flinc Festa Literária Internacional Capixaba,,,,,0,
2025-51382,habilitados,74º Encontro Nacional de Folias de Reis,seg-culturas-populares,populares,folia,ambos,1,
2025-KHZVZ,habilitados,Projeto Musin - Festival Música na Infância - 5a. edição,seg-musica,musica,music,ambos,1,
2025-R38F3,habilitados,Laboratório dos Sonhos,,,,,0,
2025-XJ6C2,habilitados,Congo de Máscaras de Roda D'Água - Cariacica – 2026,seg-culturas-populares,populares,congo,ambos,1,
2025-JM8G8,habilitados,Festa da Penha 2026,seg-culturas-populares,populares,festa d,ambos,1,
2025-V0HCH,habilitados,"Orquestra Brasileira de Cantores Cegos - Repertório #04, patrimônio",seg-patrimonio,patrimonio,patrimon,ambos,2,musica
2025-NC3C3,habilitados,"cultural capixaba, Orquestra Brasileira De Cantores Cegos: Cantos Do Brasil",seg-musica,musica,orquestr,ambos,1,
2025-GRD95,habilitados,3º Festival Manhágua,,,,,0,
2025-K1235,habilitados,Das Pretas Oppen Lab,,,,,0,
2025-1BPCP,habilitados,Camerata João XXIII,seg-musica,musica,camerat,ambos,1,
2025-LJ7X2,habilitados,Orquestra Jônice Tristão,seg-musica,musica,orquestr,ambos,1,
2025-CSZT8,habilitados,Projeto De Dança Pipoca Social,seg-artes-cenicas,cenicas,danca,ambos,1,
2025-RM1D1,habilitados,Nostra Cultura - Santa Teresa,,,,,0,
2025-FPC7P,habilitados,Festival Nacional De Teatro De Guaçuí,seg-artes-cenicas,cenicas,teatr,ambos,1,
2025-3JR65,habilitados,"Festival Vozes, Violas e Violões",,,,,0,
2025-L58Z5,habilitados,Festival Internacional De Jazz E Bossa De Santa Teresa - 13ª Edição,seg-musica,musica,jazz,ambos,1,
2025-5N8X1,habilitados,"La Bella Parola - Música, memória e comunidade",seg-museus-memoria,museus,memoria,ambos,2,musica
2025-4CV2N,habilitados,Encontro das Chef’s,,,,,0,
2025-G3RNR,habilitados,35ª Festa do Morango,seg-culturas-populares,populares,festa d,ambos,1,
2025-XKQD2,habilitados,PETER | Projeto Escolas no Teatro Eliziário Rangel,seg-artes-cenicas,cenicas,teatr,ambos,1,
2025-NK2K5,habilitados,Vovô E O Mar,,,,,0,
2025-HJ1PF,habilitados,Cine Capixaba,seg-audiovisual,audiovisual,cine,ambos,1,
2025-T5H46,habilitados,"XVI, XVII, XVIII Festa Folclórica de Santo Antônio do Muqui",seg-culturas-populares,populares,folclor,normalizado,1,
2025-SJQ9R,habilitados,Despertando Olhares,,,,,0,
2025-M644N,habilitados,Casarão Carapebus: Preservação Emergencial do Patrimônio,seg-patrimonio,patrimonio,casarao,ambos,1,
2025-90TBK,habilitados,Roda de Boteco 2026,,,,,0,
2025-77BHP,habilitados,98ª Festa de São Pedro - Edição 2026,seg-culturas-populares,populares,festa d,ambos,1,
2025-B2PQC,habilitados,Samba Que Eu Quero Ver - Mostra Cultural De Bamba 2026,seg-culturas-populares,populares,samba,ambos,1,
2024-7NZLF,habilitados,Caminho Jesuíta,,,,,0,
2025-5TD7H,habilitados,Carnaval Folclórico do Boi Pintadinho de Muqui/ES - 2026,seg-culturas-populares,populares,carnaval,ambos,1,
2025-49GXP,habilitados,"3º Festival PCD: Pinta, Canta e Dança",seg-artes-cenicas,cenicas,danca,ambos,1,
2024-454L8,habilitados,Ato Final Em Debate,,,,,0,
2025-SB2J8,habilitados,Cinematoka - Mostra de Cinema Indígena e Vivência Etnico-Cultural,seg-audiovisual,audiovisual,cinema,ambos,2,populares
2025-QRD7Z,habilitados,"Luz, Câmera, Preservação",,,,,0,
2025-KCGPL,habilitados,Festivalzinho de Cinema de Vitória,seg-audiovisual,audiovisual,cinema,ambos,1,
2025-Z13BW,habilitados,Borana Jazz,seg-musica,musica,jazz,ambos,1,
