chave,titulo,linguagem_conferida,conferente
proj-2023-32mfd,26º Festival de Inverno da Sanfona e da Viola de São Pedro do Itabapoana,musica,modelo
proj-2024-hgg9k,#EP10 - ENCONTRO DAS PRETAS 10 ANOS,nenhuma,modelo
proj-2023-4z9j3,BOA VISTA CARNAVAL CAPIXABA 2025,culturas-populares,modelo
proj-2024-lnts6,207ª FESTA DO DIVINO ESPÍRITO SANTO DE VIANA-ES,culturas-populares,modelo
proj-2023-nb5p3,14ª Festa Folclórica de Santo Antônio do Muqui,culturas-populares,modelo
proj-carna-surpresa-2024-o-carnaval-da-barra-do-jucu-2025,“Carna Surpresa 2024 - O Carnaval da Barra do Jucu”,culturas-populares,modelo
proj-2024-hzsbs,Carnaval Folclórico do Boi Pintadinho de Muqui/ES - 2025,culturas-populares,modelo
proj-24-festival-nacional-de-teatro-de-guacui-2025,24º Festival Nacional de Teatro de Guaçuí,artes-cenicas,modelo
proj-2022-cc9tk,Baile Voador: ressaca do carnaval 2023,culturas-populares,modelo
proj-raiar-da-liberdade-2025,Raiar da Liberdade,nenhuma,modelo
proj-2025-sxx99,97ª Festa de São Pedro - Edição 2025,culturas-populares,modelo
proj-festival-nacional-de-teatro-cidade-de-vitoria-20-edicao-2025,Festival Nacional de Teatro Cidade de Vitória - 20º Edição,artes-cenicas,modelo
proj-2025-qw9s1,47ª Festa da Polenta,culturas-populares,modelo
proj-l-festival-internacional-de-jazz-e-bossa-de-santa-teresa-12-edicao-2025,l FESTIVAL INTERNACIONAL DE JAZZ E BOSSA DE SANTA TERESA – 12ª EDIÇÃO,musica,modelo
proj-2023-9rt9q,10º Festival Nacional de Cinema Ambiental do Espírito Santo - CINE.EMA,audiovisual,modelo
proj-2023-1fdsb,73º Encontro Nacional de Folias de Reis - Muqui-ES - 2024,culturas-populares,modelo
proj-roda-de-boteco-2025-2025,Roda de Boteco 2025,musica,modelo
proj-13-italia-unita-festa-da-imigracao-italiana-de-aracruz-municipio-de-guarana-2025,13ª ITALIA UNITA – Festa da Imigração Italiana de Aracruz - Município de Guaraná,culturas-populares,modelo
proj-2024-1v0qr,MAIS CULTURA NAS ESCOLAS,nenhuma,modelo
proj-2024-2c95t,A Fantástica Carpintaria - Programa Educativo,nenhuma,modelo
proj-2024-7862t,MÚSICA E ARTES NA CAPITAL VITÓRIA ES,musica,modelo
proj-2024-vm90j,Musicalização Agrícola,musica,modelo
proj-nucleo-de-formacao-de-sanfona-e-viola-de-sao-pedro-do-itabapoana-ciclo-ii-2025,Núcleo de Formação de Sanfona e Viola de São Pedro do Itabapoana - Ciclo II,musica,modelo
proj-escola-de-musica-tocando-em-frente-2025,ESCOLA DE MÚSICA TOCANDO EM FRENTE,musica,modelo
proj-2023-0j1g1,A DANÇA: UNIVERSO EM EXPANSÃO,artes-cenicas,modelo
proj-2023-pcdf2,"Projeto Raízes da Aldeia: Cultura, Artesanato e Resgate",culturas-populares,modelo
proj-2024-b7zfz,Corais das Montanhas,musica,modelo
proj-2024-wcj53,"Projeto Mãos Criativas - Artesanato, Sustentabilidade e Cultura",culturas-populares,modelo
proj-programa-de-residencia-do-mosteiro-zen-morro-da-vargem-2023-2025,Programa de Residência do Mosteiro Zen Morro da Vargem 2023,nenhuma,modelo
proj-2023-k1bqh,TORNANDO IDEIAS REALIDADE,nenhuma,modelo
proj-2023-8z0gk,Oficinas de Formação Música Clássica,musica,modelo
proj-2023-vm876,Restauração e revitalização do casarão Família Baptista,patrimonio,modelo
proj-festival-manhagua-2025,Festival Manhágua,nenhuma,modelo
proj-filarmonica-de-mulheres-do-espirito-santo-musica-e-representatividade-2025,'Filarmônica de Mulheres do Espírito Santo: música e representatividade”,musica,modelo
proj-2024-ht8qp,Orquestra Brasileira de Cantores Cegos - 3º Repertório,musica,modelo
proj-circulacao-de-espetaculo-igrejas-historicas-capixabas-2025,Circulação de Espetáculo - Igrejas Históricas Capixabas,artes-cenicas,modelo
proj-2024-8xrf4,Festival Delírio Tropical,nenhuma,modelo
proj-2023-gngtz,Turma da Ação,nenhuma,modelo
proj-2023-wmpxz,Estúdio Escola de Animação,audiovisual,modelo
proj-2024-x6hwg,2ª Festa da Palavra,literatura,modelo
proj-2024-pm31k,Crias.Lab 2024,nenhuma,modelo
proj-festival-origraffes-7-edicao-2025,FESTIVAL ORIGRAFFES - 7° EDIÇÃO,nenhuma,modelo
proj-encontro-das-chefs-2024-2025,Encontro das Chefs 2024,culturas-populares,modelo
proj-2024-d8sgc,4A Mostra CineMarias,audiovisual,modelo
proj-a-paixao-segundo-sao-joao-de-j-s-bach-2025,A Paixão Segundo São João de J. S. Bach,musica,modelo
proj-2023-prgrb,FECSTA 7 - FESTIVAL DE CINEMA DE SANTA TERESA - ES,audiovisual,modelo
proj-2023-5v13m,Cidades 20-30,nenhuma,modelo
proj-2023-lc19f,Compondo na Rua,musica,modelo
proj-2022-hh970,"ENCANTANDO PESSOAS, CELEBRANDO A NATUREZA",nenhuma,modelo
proj-laboratorio-dos-sonhos-2025,Laboratório dos Sonhos,nenhuma,modelo
proj-2023-1prsj,ENCONTRO DE CULTURAS POPULARES E TRADICIONAIS,culturas-populares,modelo
proj-2024-0gz3g,2º FESTIVAL NACIONAL DE CAPOEIRA,culturas-populares,modelo
proj-2023-wqw4g,Quintal do CSE: Intervenções Socioespaciais Identitárias,nenhuma,modelo
proj-tecer-folias-2025,Tecer Folias,culturas-populares,modelo
proj-2023-cv6rh,Orquestra de Câmara Infanto-juvenil João XXIII,musica,modelo
proj-a-escola-vai-ao-teatro-tratamento-tecnico-do-acervo-grafico-2025,A Escola vai ao Teatro Tratamento Técnico do Acervo Gráfico,nenhuma,modelo
proj-editorial-do-jornal-correio-popular-de-cariacica-es-inventario-conservacao-e-dig,"Editorial do Jornal Correio Popular de Cariacica/ES: Inventário, Conservação e Digitalização.",museus-memoria,modelo
proj-2023-bl62f,Festival Batidas do Mundo,musica,modelo
proj-teatro-vai-a-escola-de-onde-vem-o-dinheiro-2025,Teatro vai à escola - De onde vem o dinheiro?,artes-cenicas,modelo
proj-2023-tq8c9,Ecos Culturais do Convento,nenhuma,modelo
proj-2023-zzb43,Mar Adentro,nenhuma,modelo
proj-samba-que-eu-quero-ver-mostra-cultural-de-bamba-2025,Samba que Eu Quero Ver - Mostra Cultural de Bamba,culturas-populares,modelo
proj-2023-r7gc8,FESTIVAL RAÍZES DO SAMBA,culturas-populares,modelo
