numero_processo,projeto,proponente,municipio,valor_autorizado,valor_total,status,enquadramento,fonte_url,fonte_pagina
2022-1810C,"Travessia - O parto à margem, no rio Piraquê-Açu",Karoline Delfino Felicio 09624076740,"Município Vitória; Aracruz; Serra",121811.34,121811.34,concluido,,https://secult.es.gov.br/lista-de-projetos-habilitados,24
2022-C4V42,Algazarra Coral: formação vocal e responsabilidade social – ano 2023,Instituto Todos Os Cantos,Vitória,368109.12,368109.12,concluido,,https://secult.es.gov.br/lista-de-projetos-habilitados,24
2022-Z2KZF,A Fantástica Carpintaria,Cidade Quintal Serviços de Design e Arte Urbana LTDA,Vitória,115468.47,115468.47,concluido,,https://secult.es.gov.br/lista-de-projetos-habilitados,24
2022-19NNC,Espetáculo Alice No País Das Maravilhas,Academia Lenira Borges Ltda,Vitória,107126.41,107126.41,concluido,,https://secult.es.gov.br/lista-de-projetos-habilitados,24
2022-9BD9G,Sabor e Saber,SYU EMPREENDEDORISMO S/A,Vitória,468266.8,468266.8,concluido,,https://secult.es.gov.br/lista-de-projetos-habilitados,24
2022-JBZVN,Carnaval Folclórico do Boi Pintadinho de Muqui/ES - 2023,Região Sul Capixaba dos Vales e Café Convention & Visitours Bureau.,"Muqui Iúna; Ibitirama; Irupi; Divino São",480712,480712,concluido,,https://secult.es.gov.br/lista-de-projetos-habilitados,24
2022-83B3M,State of Coffee,Finordia Produções Culturais Ltda,"Lourenço; Jaguaré; Vila Valério; Sooretama; São Mateus; Conceição da Barra; Venda Nova do Imigrante; Castelo; Conceição do Castelo; Santa",465000,465000,concluido,,https://secult.es.gov.br/lista-de-projetos-habilitados,24
2022-220W3,Águas Do Itapemirim,Institutos Últimos Refúgios,"Maria; Santa Teresa; Domingos Vargem Alta; Martins; Castelo; Cachoeiro Brejetuba. de Itapemirim; Caparaó; Marataízes",478513.64,478513.64,concluido,,https://secult.es.gov.br/lista-de-projetos-habilitados,24
2022-64KD3,8ª TendaLab,Galpão Produções Artísticas e Culturais LTDA,"Vila Velha; Vitória",500000,500000,concluido,,https://secult.es.gov.br/lista-de-projetos-habilitados,24
2022-XJ2XH,Narrativas Periféricas,Kf Trindade Economia Criativa,"Vitória; Vila Velha; Cariacica; Linhares; Cachoeiro",361429.89,361429.89,concluido,,https://secult.es.gov.br/lista-de-projetos-habilitados,24
2022-2LCF5,O Fabuloso Mundo das Cores - Heidi Liebermann,Liebermann Projetos Criativos,Aracruz Vitória,478957.18,478957.18,concluido,,https://secult.es.gov.br/lista-de-projetos-habilitados,24
2022-TNZCX,11º FECIM - Festival de TV e Cinema de Muqui,Associação Comercial E Empresarial de Muqui - Ace Muqui,Muqui,373868,373868,captacao_expirada,,https://secult.es.gov.br/lista-de-projetos-habilitados,24
2022-HD6BK,Natal da Paz e do Bem,Liebermann Projetos Criativos,Vila Velha,225042.98,225042.98,concluido,,https://secult.es.gov.br/lista-de-projetos-habilitados,24
2022-1XWXJ,Natal Iluminado 2022,Tribuna Publicidade LTDA,Vitória,353904.71,353904.71,captacao_expirada,,https://secult.es.gov.br/lista-de-projetos-habilitados,24
2022-65X12,Livro “Baía das Tartarugas: Riqueza marinha na capital do Espírito Santo”,Instituto Últimos Refúgios,Vitória,499311.04,499311.04,concluido,,https://secult.es.gov.br/lista-de-projetos-habilitados,24
2022-C89QH,Herança Negra - Turnê no Espírito Santo,Jonathan da Silva Santos 08946637714,"Vitória; Vila Velha",161993,161993,captacao_expirada,,https://secult.es.gov.br/lista-de-projetos-habilitados,24
2022-NCX4M,1ª Etapa do Museu do Mosteiro Zen.,"Instituto Modus Vivendi de Desenvolvimento Social, Cultural e Ambiental",Ibiraçu,368043.02,368043.02,concluido,,https://secult.es.gov.br/lista-de-projetos-habilitados,25
2022-1MLZT,Projeto Xapuri,Centro de Treinamento Esportivo Capixaba,Guarapari,473419.64,473419.64,concluido,,https://secult.es.gov.br/lista-de-projetos-habilitados,25
2022-HR8RT,Remontagem Do Armazém Do Café De Santa Marta/Ibitirama Como Centro Cultural Multiverso Em Patrimônio Da Penha/ Divino De São Lourenço.,Associação Permacultural Jacutinga do Caparaó,"Divino de São Lourenço; Santa Marta; Ibitirama",415178.68,415178.68,captacao_expirada,,https://secult.es.gov.br/lista-de-projetos-habilitados,25
2022-MFF4T,"Manutenção do ensino musical gratuito para crianças, adolescentes e jovens da Escola Municipal Agrícola",Paulo Henrique Falqueto Da Silva 09760676761,Afonso Cláudio,162000,162000,concluido,,https://secult.es.gov.br/lista-de-projetos-habilitados,25
2022-CP09H,Ready to Rock,Instituto Viva Vida,"Vitória-ES; Vila Velha-ES; São Paulo",408492.03,408492.03,concluido,,https://secult.es.gov.br/lista-de-projetos-habilitados,25
2022-05G2G,Mostra Povoar,Bule Estúdio Criativo Produções Artísticas LTDA,São Mateus,401222.92,401222.92,concluido,,https://secult.es.gov.br/lista-de-projetos-habilitados,25
2022-3Q613,Formemus 2023,Daniel Goncalves Morelo ME,Vitória,452500,732950,concluido,,https://secult.es.gov.br/lista-de-projetos-habilitados,25
2022-PC04X,Latasha,Finordia Produções Culturais Ltda,"Vitória; Serra; Vila Velha",450000,450000,captacao_expirada,,https://secult.es.gov.br/lista-de-projetos-habilitados,25
2022-9NT8C,"2o Festival De Caxambu De Pedra Branca 'Fé, Raça Em Um Só Coração”",Fábio Ravera Lyrio MEI,"Vargem Alta; Castelo; Cachoeiro de Itapemirim; Caparaó e",162000,162000,concluido,,https://secult.es.gov.br/lista-de-projetos-habilitados,25
2022-Z2R6J,As Quatro Estações de Vivaldi,Washington Luiz Sieleman Almeida 01995900796,"Marataízes Vila Velha; Serra; Domingos Martins",161997.98,161997.98,concluido,,https://secult.es.gov.br/lista-de-projetos-habilitados,25
2022-49MMM,Moqueca Pop Festival,Jupter Produção Cultural Capixaba,Cachoeiro de Itapemirim,314563.15,314563.15,concluido,,https://secult.es.gov.br/lista-de-projetos-habilitados,25
2022-W3TL3,"Gravações, em Muqui, de cenas do filme ""De tanto amar""",Região Sul Capixaba dos Vales e Café Convention & Visitours Bureau,Muqui,500000,565000,captacao_expirada,,https://secult.es.gov.br/lista-de-projetos-habilitados,25
2022-9RVGV,6ª edição Manguinhos Jazz & Blues Festival,Júlia Cabral Abreu Sodré 09498778752,Serra,500000,500000,concluido,,https://secult.es.gov.br/lista-de-projetos-habilitados,25
2022-0PP25,5@ Sinfônica Igrejas Históricas Capixabas,Programa de Promoção e Assistência Social,"Vitória; Muqui; Castelo; Venda Nova; Domingos",299510,299510,concluido,,https://secult.es.gov.br/lista-de-projetos-habilitados,25
2022-KSSWD,Festival Nacional De Capoeira,Ludmila Rodrigues Gramelisch,"Martins; Alegre Cariacica",158560,158560,concluido,,https://secult.es.gov.br/lista-de-projetos-habilitados,25
2022-R4GNW,72º Encontro Nacional de Folias de Reis – Muqui/ES,"Região Sul Capixaba dos Vales e Café Convention & Visitours Bureau;",Muqui,311332,311332,concluido,,https://secult.es.gov.br/lista-de-projetos-habilitados,25
2022-1KLD7,“E quem se importa?” - Distribuição e Comercialização de longa-metragem,Andaluz Producoes LTDA-ME,Vitória,408881.87,408881.87,concluido,,https://secult.es.gov.br/lista-de-projetos-habilitados,25
2022-8VR5D,"Festival Roda de Boteco, Colatina-ES",Conexxo Servicos e Gestao de Eventos,Colatina,473000,643950,concluido,,https://secult.es.gov.br/lista-de-projetos-habilitados,25
2022-BFTK4,Escola de Música Tocando em Frente,Programa de Promoção e Assistência Social - Casa Verde,Cachoeiro de Itapemirim,200370,200370,concluido,,https://secult.es.gov.br/lista-de-projetos-habilitados,25
2022-82W8Z,Orquestra Brasileira De Cantores Cegos,Associação Sociedade Cultura e Arte SOCA,Vitória,492965,492965,concluido,,https://secult.es.gov.br/lista-de-projetos-habilitados,25
2022-2SR6P,Websérie Palavra Negra - 3° Temporada,Bule Estudio Criativo Produções Artísticas LTDA,Vitória,224779.57,224779.57,captacao_expirada,,https://secult.es.gov.br/lista-de-projetos-habilitados,25
2022-6BDP7,Vazante,Lúmen Produções Audiovisuais LTDA,Vitória,320000,320000,captacao_expirada,,https://secult.es.gov.br/lista-de-projetos-habilitados,25
2022-MVWBR,Festival Nacional De Teatro De Cidade De Vitoria 18a Edição,Associação Cultural Circense E Ambiental Uma Floresta,Vitória,487000,727000,concluido,,https://secult.es.gov.br/lista-de-projetos-habilitados,25
2022-20250,“IV Festival Internacional De Violão Do Espírito Santo (FIVES) e V Concurso Latino-Americano De Violão Maurício De,Acordes Centro De Música E Artes Ltda,Vitória,135178.09,135178.09,concluido,,https://secult.es.gov.br/lista-de-projetos-habilitados,25
2022-Q292N,"Oliveira” “Nada Me Falta”, Videografia De Mulheres: Cegas, Surdas E Videntes-Ouvintes Em Interação",Associação Sociedade Cultura E Arte Soca,Vitória,321795,321795,concluido,,https://secult.es.gov.br/lista-de-projetos-habilitados,25
2022-LR2T1,Vírgula,Porto e Stein Produções Ltda - ME,"Vitória; Colatina; Castelo; Itaguaçu; Aracruz; Aracruz",114625.44,114625.44,concluido,,https://secult.es.gov.br/lista-de-projetos-habilitados,25
2022-67RVF,Bekoo das Pretas Festival/Bkdp Festival,Instituto das Pretas.Org,Cariacica,468217,1974921.75,concluido,,https://secult.es.gov.br/lista-de-projetos-habilitados,25
2022-Z91ZF,O Canto do Beija Flor,Reverence Studio de Dança LTDA,"Vitória; Costa Rica",30861.6,30861.6,concluido,,https://secult.es.gov.br/lista-de-projetos-habilitados,25
2022-PHX83,Montanhas Contemporâneas Capixabas,Pedro Emilio E Silva Martins - ME,"Domingos Martins; Venda Nova do Imigrante; Vargem",472723,472723,concluido,,https://secult.es.gov.br/lista-de-projetos-habilitados,25
2022-87D66,Música e Artes na Capital Vitória/ES,ASSOCIAÇÃO ALEF BET,Alta Vitória,382721.25,382721.25,concluido,,https://secult.es.gov.br/lista-de-projetos-habilitados,25
2022-4LJGV,Coral Arcelor,Daniel Gonçalves Morelo ME,Vitória,499927.52,499927.52,concluido,,https://secult.es.gov.br/lista-de-projetos-habilitados,26
2022-L2BVZ,24o Festival De Inverno Da Sanfona E Da Viola De São Pedro Do Itabapoana,Associação Dos Moradores Da Comunidade De São Pedro Do Itabapoana.,Mimoso do Sul,277648,821844.9,concluido,,https://secult.es.gov.br/lista-de-projetos-habilitados,26
2022-Z1XJQ,Festival CRIAS.LAB,Puri Produções E Eventos LTDA,Vitória,500000,500000,concluido,,https://secult.es.gov.br/lista-de-projetos-habilitados,26
2022-WHK4V,29o Festival de Cinema de Vitória,Galpão Produções Artísticas e Culturais LTDA,Vitória,500000,2053328.4,concluido,,https://secult.es.gov.br/lista-de-projetos-habilitados,26
2022-K3M60,A Trupe Barroca - Concerto De Natal 2022,Fernando Coelho Sabino MEI,Vila Velha,160583.58,160583.58,concluido,,https://secult.es.gov.br/lista-de-projetos-habilitados,26
2022-P2FN3,CAPPITELLA – Festa Do Cappelletti E Da Tagliatella,Associação Festa Da Cappitella - Afecapi,Nova Venécia,380003.78,673623.22,concluido,,https://secult.es.gov.br/lista-de-projetos-habilitados,26
2022-XX9K7,2º Ventania.Lab - Residência Audiovisual,Ventania Produções Audiovisuais,Vitória,250000,250000,captacao_expirada,,https://secult.es.gov.br/lista-de-projetos-habilitados,26
2022-F0975,Vitória Mostra Docs,Andaluz Produções LTDA-ME,Vitória,302210.73,302210.73,captacao_expirada,,https://secult.es.gov.br/lista-de-projetos-habilitados,26
2022-S80KH,7a TendaLab,Galpão Produções Artísticas e Culturais LTDA,Vitória,500000,800000,concluido,,https://secult.es.gov.br/lista-de-projetos-habilitados,26
2022-ZZ8WC,Do Forte da Barra ao Batalhão Tibúrcio: cinco séculos de história,Pro Texto Comunicação E Cultura Ltda,"Vitória; Vila Velha",244720,244720,concluido,,https://secult.es.gov.br/lista-de-projetos-habilitados,26
2022-DK8GT,Festival MoV.Cidade 2022,Puri Produções e Eventos LTDA,Vitória,500000,500000,concluido,,https://secult.es.gov.br/lista-de-projetos-habilitados,26
2022-PHLMS,Permear o Museu,SYU EMPREENDEDORISMO SA,Vitória,264924.33,264924.33,captacao_expirada,,https://secult.es.gov.br/lista-de-projetos-habilitados,26
2022-05N9Z,Singulares,Gustavo Binda Faria 11028553757,"Aracruz; Anchieta; Vitória; Viana; Serra",130994.41,130994.41,concluido,,https://secult.es.gov.br/lista-de-projetos-habilitados,26
2022-R8BJK,Festival de Música Erudita do Espírito Santo - Edição especial 10 anos,Companhia de Ópera do Espírito Santo,"Vitória; Serra",462909,1703009,concluido,,https://secult.es.gov.br/lista-de-projetos-habilitados,26
2022-M5V6Q,Corpo Afro - Manutenção de Grupo e Manifestações Negro-brasileiras,Bule Estúdio Criativo Produções Artísticas LTDA,Vitória,271215,271215,concluido,,https://secult.es.gov.br/lista-de-projetos-habilitados,26
2022-RWW2K,9a edição do Festival Internacional De Jazz e Bossa De Santa Teresa,Rota Service Ltda,Santa Teresa,500000,700000,concluido,,https://secult.es.gov.br/lista-de-projetos-habilitados,26
2022-JJS7Q,"""Mais Cultura Nas Escolas""",Eleandro da Silva,Cariacica,100000,100000,concluido,,https://secult.es.gov.br/lista-de-projetos-habilitados,26
2022-MWSV5,5º FECSTA - Festival De Cinema De Santa Teresa,Satírica Filmes Produçôes LTDA,"Vitória; Santa Teresa; Viana",441294.25,441294.25,concluido,,https://secult.es.gov.br/lista-de-projetos-habilitados,26
2022-MRJRS,"Escola De Fotógrafos Cegos e Exposição:"" Quando Fecho os Olhos Vejo Mais Perto""",Associação Sociedade Cultura e Arte SOCA,"Vitória; Vila Velha",468965,468965,concluido,,https://secult.es.gov.br/lista-de-projetos-habilitados,26
2022-HZ46T,"Montagem e turnê do espetáculo teatral ""A SÓS""",Grupo Teatral Caparaó,"Alegre; Guaçuí; Afonso Cláudio; Castelo; Cariacica; Itaguaçu; Montanha; Rio Novo do Sul; Viana; Serra; Vitória",219434.87,219434.87,concluido,,https://secult.es.gov.br/lista-de-projetos-habilitados,26
2022-3FS25,SobreVoar,Senhora Filmes LTDA ME,"Vitória; Vila Velha; Guarapari; Serra; Domingos Martins; Cachoeiro do Itapemirim; Linhares; Cariacica",204800,204800,concluido,,https://secult.es.gov.br/lista-de-projetos-habilitados,26
2022-KG76B,28º Festival de Cinema de Vitória - Reencontro,Instituto Brasil de Cultura E Arte - IBCA,Vitória,500000,2053328.4,concluido,,https://secult.es.gov.br/lista-de-projetos-habilitados,26
2022-DLFVH,3ª Live Cultural da Festa do Carro de Boi 2022,Associação Carro de Boi,Afonso Cláudio,36628.87,146628.87,concluido,,https://secult.es.gov.br/lista-de-projetos-habilitados,26
